episode,reward_agent_0,red_coins,blue_coins
0,10.0,4,6
1,13.0,7,6
2,11.0,6,5
3,4.0,3,1
4,11.0,5,6
5,5.0,5,0
6,5.0,3,2
7,8.0,2,6
8,4.0,3,1
9,8.0,4,4
10,13.0,7,6
11,12.0,9,3
12,12.0,2,10
13,10.0,7,3
14,18.0,6,12
15,11.0,7,4
16,12.0,5,7
17,10.0,6,4
18,9.0,5,4
19,12.0,4,8
20,14.0,10,4
21,12.0,2,10
22,15.0,9,6
23,10.0,5,5
24,16.0,10,6
25,12.0,7,5
26,15.0,7,8
27,17.0,8,9
28,20.0,8,12
29,14.0,10,4
30,11.0,6,5
31,13.0,6,7
32,19.0,12,7
33,18.0,9,9
34,9.0,5,4
35,18.0,12,6
36,14.0,5,9
37,14.0,8,6
38,11.0,5,6
39,17.0,8,9
40,14.0,6,8
41,7.0,4,3
42,21.0,10,11
43,14.0,8,6
44,15.0,8,7
45,9.0,4,5
46,17.0,4,13
47,8.0,6,2
48,18.0,8,10
49,15.0,6,9
50,16.0,5,11
51,11.0,6,5
52,11.0,5,6
53,15.0,8,7
54,15.0,7,8
55,11.0,5,6
56,17.0,7,10
57,15.0,8,7
58,11.0,5,6
59,16.0,8,8
60,15.0,9,6
61,19.0,9,10
62,20.0,11,9
63,16.0,10,6
64,13.0,6,7
65,15.0,7,8
66,15.0,8,7
67,15.0,6,9
68,13.0,7,6
69,17.0,10,7
70,7.0,3,4
71,13.0,6,7
72,17.0,10,7
73,9.0,6,3
74,12.0,6,6
75,13.0,6,7
76,13.0,9,4
77,17.0,7,10
78,9.0,5,4
79,12.0,5,7
80,10.0,6,4
81,18.0,6,12
82,19.0,6,13
83,9.0,4,5
84,16.0,4,12
85,17.0,11,6
86,19.0,10,9
87,15.0,10,5
88,21.0,9,12
89,10.0,6,4
90,15.0,7,8
91,13.0,8,5
92,11.0,7,4
93,14.0,8,6
94,20.0,11,9
95,17.0,7,10
96,14.0,6,8
97,12.0,7,5
98,18.0,8,10
99,12.0,3,9
100,14.0,10,4
101,11.0,5,6
102,15.0,6,9
103,13.0,7,6
104,11.0,5,6
105,17.0,11,6
106,12.0,7,5
107,14.0,9,5
108,21.0,10,11
109,17.0,12,5
110,15.0,9,6
111,21.0,9,12
112,12.0,3,9
113,14.0,4,10
114,19.0,11,8
115,25.0,9,16
116,27.0,10,17
117,13.0,9,4
118,16.0,9,7
119,11.0,5,6
120,14.0,7,7
121,18.0,10,8
122,16.0,5,11
123,18.0,6,12
124,13.0,8,5
125,14.0,8,6
126,16.0,5,11
127,15.0,8,7
128,13.0,8,5
129,11.0,4,7
130,14.0,8,6
131,16.0,8,8
132,21.0,5,16
133,17.0,6,11
134,21.0,11,10
135,17.0,10,7
136,11.0,5,6
137,10.0,8,2
138,10.0,4,6
139,14.0,8,6
140,10.0,6,4
141,15.0,8,7
142,15.0,6,9
143,12.0,4,8
144,12.0,6,6
145,17.0,10,7
146,16.0,8,8
147,17.0,8,9
148,14.0,8,6
149,15.0,11,4
150,14.0,10,4
151,19.0,10,9
152,16.0,9,7
153,22.0,11,11
154,10.0,5,5
155,11.0,10,1
156,17.0,8,9
157,13.0,6,7
158,12.0,4,8
159,12.0,6,6
160,21.0,12,9
161,18.0,7,11
162,5.0,3,2
163,7.0,4,3
164,11.0,4,7
165,19.0,6,13
166,13.0,8,5
167,12.0,3,9
168,10.0,5,5
169,13.0,2,11
170,21.0,10,11
171,14.0,8,6
172,19.0,11,8
173,19.0,9,10
174,13.0,5,8
175,13.0,4,9
176,17.0,6,11
177,15.0,8,7
178,15.0,5,10
179,18.0,8,10
180,10.0,4,6
181,18.0,10,8
182,14.0,8,6
183,12.0,4,8
184,11.0,7,4
185,14.0,6,8
186,12.0,6,6
187,9.0,4,5
188,13.0,4,9
189,15.0,9,6
190,12.0,5,7
191,8.0,4,4
192,17.0,6,11
193,19.0,9,10
194,18.0,9,9
195,12.0,6,6
196,12.0,7,5
197,15.0,10,5
198,14.0,5,9
199,21.0,10,11
200,10.0,4,6
201,18.0,8,10
202,14.0,6,8
203,17.0,9,8
204,19.0,7,12
205,24.0,12,12
206,17.0,10,7
207,14.0,6,8
208,10.0,5,5
209,12.0,6,6
210,17.0,9,8
211,15.0,12,3
212,14.0,9,5
213,17.0,6,11
214,15.0,11,4
215,20.0,10,10
216,14.0,8,6
217,13.0,6,7
218,14.0,7,7
219,18.0,5,13
220,17.0,8,9
221,15.0,7,8
222,11.0,8,3
223,16.0,10,6
224,17.0,8,9
225,17.0,12,5
226,11.0,7,4
227,15.0,5,10
228,16.0,8,8
229,15.0,4,11
230,15.0,7,8
231,19.0,9,10
232,15.0,4,11
233,20.0,8,12
234,15.0,8,7
235,20.0,15,5
236,17.0,5,12
237,14.0,6,8
238,13.0,5,8
239,15.0,5,10
240,16.0,9,7
241,17.0,9,8
242,21.0,14,7
243,12.0,4,8
244,6.0,3,3
245,13.0,9,4
246,21.0,11,10
247,20.0,12,8
248,16.0,7,9
249,14.0,8,6
250,17.0,8,9
251,15.0,7,8
252,9.0,3,6
253,14.0,8,6
254,16.0,8,8
255,11.0,7,4
256,15.0,10,5
257,10.0,5,5
258,16.0,7,9
259,21.0,9,12
260,14.0,8,6
261,15.0,5,10
262,24.0,14,10
263,9.0,2,7
264,8.0,2,6
265,15.0,7,8
266,20.0,14,6
267,15.0,9,6
268,22.0,11,11
269,9.0,4,5
270,18.0,8,10
271,17.0,6,11
272,19.0,8,11
273,13.0,6,7
274,11.0,5,6
275,12.0,7,5
276,15.0,5,10
277,14.0,9,5
278,7.0,4,3
279,16.0,9,7
280,11.0,5,6
281,16.0,9,7
282,11.0,9,2
283,15.0,6,9
284,15.0,8,7
285,10.0,4,6
286,7.0,4,3
287,10.0,4,6
288,15.0,6,9
289,16.0,8,8
290,15.0,9,6
291,15.0,6,9
292,15.0,7,8
293,17.0,11,6
294,9.0,4,5
295,20.0,8,12
296,16.0,8,8
297,16.0,6,10
298,16.0,10,6
299,13.0,8,5
300,11.0,4,7
301,15.0,11,4
302,16.0,8,8
303,19.0,11,8
304,18.0,9,9
305,18.0,13,5
306,12.0,6,6
307,15.0,4,11
308,17.0,11,6
309,11.0,4,7
310,18.0,7,11
311,19.0,14,5
312,22.0,12,10
313,16.0,11,5
314,17.0,9,8
315,11.0,5,6
316,15.0,8,7
317,16.0,8,8
318,17.0,9,8
319,14.0,8,6
320,17.0,10,7
321,16.0,7,9
322,12.0,6,6
323,15.0,6,9
324,10.0,3,7
325,8.0,2,6
326,14.0,5,9
327,19.0,9,10
328,14.0,10,4
329,18.0,8,10
330,21.0,11,10
331,14.0,8,6
332,12.0,5,7
333,17.0,11,6
334,12.0,5,7
335,20.0,9,11
336,14.0,5,9
337,14.0,6,8
338,16.0,8,8
339,14.0,8,6
340,21.0,10,11
341,22.0,11,11
342,12.0,3,9
343,15.0,8,7
344,20.0,9,11
345,14.0,6,8
346,19.0,10,9
347,18.0,11,7
348,20.0,13,7
349,12.0,7,5
350,17.0,11,6
351,22.0,11,11
352,14.0,6,8
353,10.0,5,5
354,17.0,10,7
355,14.0,7,7
356,19.0,8,11
357,13.0,6,7
358,13.0,6,7
359,15.0,6,9
360,13.0,10,3
361,15.0,9,6
362,16.0,6,10
363,8.0,4,4
364,17.0,4,13
365,13.0,7,6
366,11.0,6,5
367,16.0,11,5
368,28.0,17,11
369,12.0,4,8
370,7.0,5,2
371,12.0,7,5
372,15.0,8,7
373,12.0,6,6
374,17.0,8,9
375,16.0,9,7
376,14.0,9,5
377,15.0,7,8
378,19.0,14,5
379,17.0,8,9
380,18.0,10,8
381,16.0,9,7
382,12.0,5,7
383,12.0,5,7
384,11.0,4,7
385,14.0,10,4
386,20.0,11,9
387,16.0,7,9
388,18.0,6,12
389,11.0,8,3
390,14.0,6,8
391,14.0,7,7
392,10.0,6,4
393,11.0,3,8
394,12.0,5,7
395,11.0,4,7
396,18.0,11,7
397,16.0,10,6
398,15.0,7,8
399,18.0,8,10
400,16.0,7,9
401,15.0,5,10
402,18.0,10,8
403,19.0,13,6
404,13.0,5,8
405,13.0,9,4
406,26.0,14,12
407,19.0,13,6
408,12.0,9,3
409,19.0,10,9
410,17.0,7,10
411,15.0,7,8
412,15.0,7,8
413,16.0,5,11
414,16.0,11,5
415,13.0,6,7
416,15.0,9,6
417,15.0,7,8
418,14.0,4,10
419,15.0,8,7
420,12.0,9,3
421,14.0,9,5
422,13.0,9,4
423,17.0,10,7
424,10.0,7,3
425,13.0,7,6
426,21.0,13,8
427,16.0,5,11
428,20.0,10,10
429,14.0,9,5
430,14.0,8,6
431,17.0,7,10
432,16.0,10,6
433,16.0,9,7
434,25.0,13,12
435,10.0,5,5
436,18.0,12,6
437,11.0,4,7
438,13.0,8,5
439,13.0,8,5
440,9.0,6,3
441,20.0,10,10
442,18.0,9,9
443,10.0,4,6
444,16.0,9,7
445,16.0,5,11
446,8.0,5,3
447,12.0,9,3
448,13.0,7,6
449,11.0,8,3
450,20.0,10,10
451,18.0,13,5
452,21.0,9,12
453,9.0,3,6
454,10.0,5,5
455,15.0,8,7
456,19.0,9,10
457,18.0,9,9
458,11.0,7,4
459,13.0,6,7
460,13.0,6,7
461,16.0,7,9
462,16.0,10,6
463,15.0,8,7
464,20.0,10,10
465,14.0,7,7
466,14.0,10,4
467,14.0,10,4
468,18.0,9,9
469,15.0,4,11
470,14.0,6,8
471,13.0,9,4
472,20.0,12,8
473,15.0,8,7
474,13.0,7,6
475,15.0,8,7
476,18.0,13,5
477,15.0,10,5
478,24.0,12,12
479,19.0,11,8
480,10.0,5,5
481,17.0,9,8
482,16.0,8,8
483,18.0,12,6
484,16.0,6,10
485,17.0,9,8
486,10.0,6,4
487,12.0,11,1
488,25.0,16,9
489,19.0,8,11
490,12.0,8,4
491,18.0,11,7
492,18.0,8,10
493,15.0,6,9
494,14.0,9,5
495,11.0,8,3
496,12.0,6,6
497,15.0,7,8
498,19.0,11,8
499,5.0,1,4
500,19.0,14,5
501,22.0,11,11
502,17.0,9,8
503,17.0,13,4
504,11.0,5,6
505,16.0,5,11
506,16.0,10,6
507,16.0,8,8
508,13.0,6,7
509,19.0,11,8
510,17.0,8,9
511,13.0,7,6
512,17.0,3,14
513,18.0,10,8
514,14.0,8,6
515,10.0,6,4
516,13.0,4,9
517,12.0,6,6
518,17.0,8,9
519,13.0,6,7
520,13.0,4,9
521,14.0,8,6
522,13.0,5,8
523,13.0,7,6
524,21.0,5,16
525,11.0,6,5
526,19.0,9,10
527,18.0,12,6
528,11.0,4,7
529,19.0,9,10
530,17.0,7,10
531,11.0,4,7
532,13.0,4,9
533,18.0,8,10
534,10.0,5,5
535,20.0,8,12
536,10.0,5,5
537,11.0,7,4
538,18.0,8,10
539,13.0,8,5
540,16.0,9,7
541,15.0,9,6
542,11.0,6,5
543,13.0,8,5
544,15.0,6,9
545,11.0,3,8
546,9.0,5,4
547,11.0,8,3
548,19.0,10,9
549,17.0,12,5
550,18.0,10,8
551,15.0,6,9
552,17.0,8,9
553,22.0,12,10
554,15.0,4,11
555,11.0,3,8
556,19.0,10,9
557,10.0,5,5
558,22.0,9,13
559,15.0,6,9
560,13.0,8,5
561,10.0,5,5
562,18.0,6,12
563,16.0,9,7
564,16.0,10,6
565,14.0,8,6
566,17.0,10,7
567,15.0,6,9
568,16.0,6,10
569,11.0,9,2
570,15.0,8,7
571,13.0,3,10
572,19.0,12,7
573,16.0,10,6
574,18.0,8,10
575,14.0,6,8
576,24.0,12,12
577,11.0,4,7
578,21.0,15,6
579,16.0,7,9
580,16.0,9,7
581,15.0,9,6
582,16.0,6,10
583,20.0,11,9
584,15.0,5,10
585,20.0,10,10
586,13.0,6,7
587,14.0,8,6
588,13.0,6,7
589,12.0,4,8
590,9.0,3,6
591,20.0,7,13
592,14.0,8,6
593,15.0,8,7
594,11.0,6,5
595,19.0,8,11
596,13.0,2,11
597,12.0,6,6
598,9.0,4,5
599,18.0,6,12
600,12.0,3,9
601,12.0,7,5
602,15.0,8,7
603,16.0,9,7
604,12.0,5,7
605,12.0,7,5
606,19.0,6,13
607,8.0,2,6
608,17.0,13,4
609,20.0,10,10
610,19.0,11,8
611,18.0,6,12
612,19.0,7,12
613,19.0,8,11
614,17.0,6,11
615,12.0,5,7
616,18.0,9,9
617,17.0,6,11
618,12.0,5,7
619,13.0,6,7
620,20.0,11,9
621,11.0,6,5
622,15.0,6,9
623,20.0,8,12
624,19.0,9,10
625,17.0,11,6
626,16.0,7,9
627,14.0,9,5
628,9.0,5,4
629,16.0,9,7
630,15.0,8,7
631,12.0,7,5
632,23.0,11,12
633,11.0,5,6
634,17.0,10,7
635,16.0,9,7
636,9.0,4,5
637,9.0,5,4
638,17.0,8,9
639,14.0,5,9
640,16.0,7,9
641,16.0,9,7
642,17.0,9,8
643,11.0,5,6
644,18.0,11,7
645,21.0,8,13
646,20.0,9,11
647,16.0,8,8
648,9.0,5,4
649,14.0,5,9
650,19.0,10,9
651,18.0,9,9
652,13.0,5,8
653,18.0,13,5
654,13.0,5,8
655,12.0,5,7
656,15.0,11,4
657,18.0,13,5
658,9.0,5,4
659,14.0,4,10
660,14.0,7,7
661,21.0,14,7
662,16.0,6,10
663,13.0,7,6
664,21.0,12,9
665,18.0,10,8
666,9.0,4,5
667,14.0,7,7
668,14.0,9,5
669,13.0,7,6
670,12.0,7,5
671,17.0,8,9
672,9.0,4,5
673,12.0,6,6
674,15.0,9,6
675,13.0,7,6
676,15.0,9,6
677,14.0,4,10
678,11.0,4,7
679,9.0,3,6
680,22.0,8,14
681,14.0,5,9
682,25.0,15,10
683,18.0,8,10
684,15.0,5,10
685,15.0,8,7
686,14.0,6,8
687,15.0,9,6
688,18.0,5,13
689,15.0,8,7
690,15.0,10,5
691,14.0,9,5
692,11.0,6,5
693,19.0,10,9
694,22.0,13,9
695,17.0,8,9
696,13.0,5,8
697,19.0,11,8
698,17.0,9,8
699,11.0,6,5
700,14.0,7,7
701,11.0,6,5
702,20.0,9,11
703,20.0,11,9
704,12.0,10,2
705,9.0,3,6
706,16.0,5,11
707,17.0,8,9
708,11.0,5,6
709,10.0,5,5
710,9.0,3,6
711,21.0,10,11
712,16.0,9,7
713,15.0,10,5
714,19.0,8,11
715,16.0,8,8
716,13.0,7,6
717,12.0,5,7
718,14.0,5,9
719,13.0,4,9
720,20.0,11,9
721,16.0,7,9
722,13.0,5,8
723,14.0,8,6
724,17.0,10,7
725,13.0,8,5
726,20.0,12,8
727,12.0,6,6
728,11.0,4,7
729,15.0,7,8
730,12.0,7,5
731,18.0,8,10
732,23.0,10,13
733,12.0,7,5
734,12.0,3,9
735,17.0,9,8
736,13.0,7,6
737,15.0,8,7
738,21.0,12,9
739,17.0,9,8
740,20.0,9,11
741,7.0,3,4
742,9.0,5,4
743,9.0,3,6
744,17.0,11,6
745,29.0,16,13
746,15.0,5,10
747,16.0,2,14
748,19.0,10,9
749,18.0,8,10
750,10.0,6,4
751,16.0,8,8
752,12.0,7,5
753,17.0,10,7
754,16.0,9,7
755,15.0,6,9
756,12.0,5,7
757,15.0,9,6
758,14.0,8,6
759,21.0,8,13
760,23.0,13,10
761,13.0,8,5
762,15.0,11,4
763,15.0,8,7
764,18.0,9,9
765,12.0,9,3
766,19.0,9,10
767,14.0,9,5
768,11.0,6,5
769,18.0,11,7
770,17.0,10,7
771,10.0,4,6
772,15.0,5,10
773,16.0,9,7
774,20.0,11,9
775,11.0,4,7
776,16.0,9,7
777,22.0,9,13
778,16.0,9,7
779,16.0,10,6
780,22.0,10,12
781,16.0,6,10
782,15.0,7,8
783,12.0,4,8
784,16.0,6,10
785,18.0,9,9
786,20.0,13,7
787,12.0,5,7
788,14.0,10,4
789,16.0,8,8
790,18.0,10,8
791,11.0,6,5
792,17.0,7,10
793,13.0,5,8
794,12.0,10,2
795,15.0,8,7
796,16.0,8,8
797,7.0,6,1
798,18.0,9,9
799,13.0,6,7
800,16.0,6,10
801,15.0,8,7
802,19.0,10,9
803,19.0,7,12
804,20.0,11,9
805,19.0,10,9
806,19.0,13,6
807,10.0,4,6
808,17.0,10,7
809,12.0,5,7
810,16.0,13,3
811,13.0,4,9
812,14.0,8,6
813,10.0,5,5
814,19.0,8,11
815,15.0,5,10
816,15.0,9,6
817,11.0,7,4
818,14.0,8,6
819,14.0,6,8
820,17.0,8,9
821,16.0,9,7
822,15.0,3,12
823,13.0,8,5
824,14.0,3,11
825,19.0,12,7
826,12.0,3,9
827,18.0,5,13
828,15.0,8,7
829,14.0,6,8
830,15.0,9,6
831,18.0,9,9
832,9.0,1,8
833,15.0,7,8
834,16.0,9,7
835,12.0,6,6
836,10.0,3,7
837,21.0,10,11
838,16.0,12,4
839,20.0,15,5
840,16.0,13,3
841,11.0,6,5
842,14.0,4,10
843,13.0,8,5
844,7.0,5,2
845,24.0,11,13
846,19.0,8,11
847,18.0,12,6
848,20.0,13,7
849,16.0,9,7
850,13.0,6,7
851,19.0,9,10
852,19.0,10,9
853,17.0,6,11
854,18.0,4,14
855,13.0,7,6
856,16.0,6,10
857,26.0,12,14
858,16.0,11,5
859,15.0,8,7
860,22.0,13,9
861,14.0,6,8
862,18.0,10,8
863,16.0,11,5
864,14.0,8,6
865,16.0,8,8
866,11.0,7,4
867,11.0,5,6
868,14.0,6,8
869,16.0,12,4
870,21.0,8,13
871,18.0,9,9
872,13.0,1,12
873,11.0,7,4
874,18.0,12,6
875,18.0,9,9
876,24.0,14,10
877,14.0,3,11
878,15.0,8,7
879,17.0,7,10
880,22.0,10,12
881,18.0,8,10
882,20.0,9,11
883,20.0,10,10
884,17.0,10,7
885,15.0,10,5
886,17.0,9,8
887,15.0,4,11
888,13.0,9,4
889,10.0,4,6
890,16.0,10,6
891,25.0,16,9
892,11.0,2,9
893,18.0,7,11
894,15.0,8,7
895,8.0,7,1
896,14.0,4,10
897,15.0,5,10
898,10.0,6,4
899,24.0,19,5
900,11.0,8,3
901,15.0,7,8
902,14.0,7,7
903,15.0,9,6
904,14.0,6,8
905,12.0,10,2
906,11.0,7,4
907,20.0,10,10
908,16.0,6,10
909,14.0,9,5
910,20.0,8,12
911,15.0,8,7
912,21.0,8,13
913,16.0,7,9
914,14.0,9,5
915,19.0,10,9
916,16.0,9,7
917,18.0,12,6
918,18.0,10,8
919,21.0,13,8
920,14.0,5,9
921,15.0,8,7
922,11.0,7,4
923,21.0,13,8
924,18.0,12,6
925,15.0,6,9
926,18.0,7,11
927,22.0,15,7
928,14.0,7,7
929,18.0,11,7
930,20.0,13,7
931,23.0,8,15
932,18.0,7,11
933,24.0,11,13
934,23.0,7,16
935,12.0,8,4
936,22.0,9,13
937,20.0,8,12
938,20.0,10,10
939,16.0,4,12
940,20.0,8,12
941,19.0,8,11
942,12.0,5,7
943,13.0,7,6
944,10.0,3,7
945,17.0,10,7
946,17.0,10,7
947,19.0,9,10
948,12.0,6,6
949,15.0,8,7
950,18.0,9,9
951,16.0,7,9
952,18.0,11,7
953,23.0,12,11
954,21.0,11,10
955,16.0,5,11
956,19.0,10,9
957,13.0,5,8
958,23.0,10,13
959,19.0,11,8
960,21.0,14,7
961,20.0,6,14
962,21.0,11,10
963,17.0,9,8
964,12.0,8,4
965,11.0,8,3
966,18.0,7,11
967,16.0,7,9
968,15.0,9,6
969,16.0,5,11
970,15.0,9,6
971,22.0,14,8
972,13.0,8,5
973,10.0,6,4
974,20.0,11,9
975,22.0,14,8
976,14.0,10,4
977,19.0,15,4
978,16.0,8,8
979,15.0,8,7
980,10.0,4,6
981,19.0,7,12
982,14.0,7,7
983,18.0,7,11
984,23.0,15,8
985,12.0,7,5
986,14.0,7,7
987,23.0,6,17
988,15.0,12,3
989,13.0,7,6
990,13.0,7,6
991,12.0,9,3
992,16.0,7,9
993,18.0,7,11
994,20.0,9,11
995,16.0,10,6
996,16.0,4,12
997,18.0,13,5
998,17.0,9,8
999,18.0,12,6
1000,14.0,5,9
1001,18.0,9,9
1002,12.0,8,4
1003,12.0,4,8
1004,10.0,5,5
1005,19.0,10,9
1006,13.0,6,7
1007,22.0,11,11
1008,8.0,2,6
1009,15.0,6,9
1010,16.0,9,7
1011,17.0,13,4
1012,13.0,5,8
1013,18.0,12,6
1014,21.0,11,10
1015,17.0,6,11
1016,20.0,15,5
1017,17.0,7,10
1018,22.0,14,8
1019,19.0,11,8
1020,17.0,12,5
1021,12.0,4,8
1022,18.0,10,8
1023,18.0,11,7
1024,19.0,6,13
1025,17.0,8,9
1026,19.0,17,2
1027,15.0,12,3
1028,14.0,7,7
1029,18.0,10,8
1030,18.0,12,6
1031,24.0,10,14
1032,29.0,16,13
1033,24.0,14,10
1034,21.0,12,9
1035,14.0,11,3
1036,18.0,13,5
1037,20.0,11,9
1038,23.0,11,12
1039,27.0,11,16
1040,18.0,12,6
1041,16.0,10,6
1042,18.0,8,10
1043,23.0,14,9
1044,18.0,13,5
1045,23.0,10,13
1046,22.0,12,10
1047,21.0,17,4
1048,9.0,6,3
1049,25.0,13,12
1050,15.0,7,8
1051,23.0,10,13
1052,24.0,13,11
1053,12.0,9,3
1054,26.0,12,14
1055,21.0,13,8
1056,23.0,9,14
1057,21.0,14,7
1058,16.0,8,8
1059,19.0,9,10
1060,21.0,17,4
1061,23.0,13,10
1062,21.0,7,14
1063,14.0,11,3
1064,14.0,13,1
1065,26.0,18,8
1066,20.0,7,13
1067,17.0,5,12
1068,21.0,10,11
1069,22.0,10,12
1070,21.0,14,7
1071,23.0,10,13
1072,18.0,10,8
1073,24.0,15,9
1074,22.0,12,10
1075,18.0,8,10
1076,24.0,16,8
1077,16.0,10,6
1078,24.0,12,12
1079,18.0,11,7
1080,17.0,10,7
1081,22.0,14,8
1082,15.0,8,7
1083,19.0,11,8
1084,13.0,4,9
1085,13.0,6,7
1086,20.0,15,5
1087,18.0,11,7
1088,18.0,8,10
1089,20.0,11,9
1090,16.0,6,10
1091,19.0,10,9
1092,14.0,4,10
1093,19.0,10,9
1094,18.0,9,9
1095,14.0,11,3
1096,20.0,11,9
1097,9.0,5,4
1098,11.0,4,7
1099,21.0,12,9
1100,19.0,13,6
1101,28.0,14,14
1102,26.0,13,13
1103,23.0,16,7
1104,20.0,9,11
1105,22.0,18,4
1106,24.0,18,6
1107,23.0,16,7
1108,13.0,8,5
1109,22.0,19,3
1110,25.0,16,9
1111,20.0,13,7
1112,14.0,6,8
1113,20.0,12,8
1114,14.0,7,7
1115,22.0,4,18
1116,22.0,11,11
1117,14.0,12,2
1118,23.0,16,7
1119,28.0,23,5
1120,20.0,9,11
1121,23.0,13,10
1122,21.0,12,9
1123,15.0,8,7
1124,21.0,8,13
1125,25.0,14,11
1126,21.0,15,6
1127,19.0,9,10
1128,24.0,16,8
1129,23.0,17,6
1130,18.0,9,9
1131,17.0,7,10
1132,22.0,14,8
1133,17.0,9,8
1134,20.0,8,12
1135,14.0,9,5
1136,22.0,5,17
1137,21.0,8,13
1138,22.0,12,10
1139,25.0,13,12
1140,26.0,18,8
1141,30.0,23,7
1142,27.0,11,16
1143,28.0,8,20
1144,25.0,18,7
1145,26.0,9,17
1146,22.0,16,6
1147,21.0,13,8
1148,22.0,9,13
1149,20.0,13,7
1150,27.0,15,12
1151,13.0,7,6
1152,24.0,13,11
1153,20.0,7,13
1154,17.0,12,5
1155,33.0,20,13
1156,18.0,10,8
1157,25.0,7,18
1158,19.0,14,5
1159,17.0,7,10
1160,29.0,16,13
1161,27.0,16,11
1162,18.0,12,6
1163,23.0,14,9
1164,21.0,8,13
1165,24.0,9,15
1166,23.0,13,10
1167,28.0,19,9
1168,26.0,10,16
1169,15.0,2,13
1170,22.0,15,7
1171,32.0,19,13
1172,21.0,9,12
1173,29.0,17,12
1174,24.0,13,11
1175,25.0,18,7
1176,19.0,16,3
1177,25.0,9,16
1178,26.0,21,5
1179,27.0,9,18
1180,30.0,19,11
1181,25.0,14,11
1182,21.0,13,8
1183,27.0,9,18
1184,20.0,4,16
1185,23.0,18,5
1186,28.0,21,7
1187,29.0,20,9
1188,21.0,11,10
1189,21.0,14,7
1190,28.0,20,8
1191,26.0,19,7
1192,30.0,14,16
1193,22.0,12,10
1194,30.0,21,9
1195,20.0,10,10
1196,29.0,23,6
1197,29.0,10,19
1198,21.0,14,7
1199,28.0,22,6
1200,19.0,12,7
1201,29.0,17,12
1202,31.0,18,13
1203,26.0,8,18
1204,22.0,16,6
1205,32.0,11,21
1206,26.0,13,13
1207,23.0,11,12
1208,23.0,9,14
1209,15.0,5,10
1210,21.0,14,7
1211,19.0,8,11
1212,33.0,20,13
1213,19.0,9,10
1214,29.0,14,15
1215,25.0,14,11
1216,28.0,20,8
1217,32.0,13,19
1218,27.0,16,11
1219,31.0,19,12
1220,26.0,18,8
1221,35.0,14,21
1222,25.0,13,12
1223,25.0,9,16
1224,28.0,19,9
1225,30.0,17,13
1226,34.0,25,9
1227,23.0,14,9
1228,23.0,16,7
1229,26.0,20,6
1230,27.0,17,10
1231,22.0,13,9
1232,28.0,18,10
1233,27.0,22,5
1234,31.0,19,12
1235,22.0,18,4
1236,26.0,17,9
1237,33.0,24,9
1238,16.0,7,9
1239,35.0,27,8
1240,26.0,17,9
1241,30.0,23,7
1242,37.0,16,21
1243,31.0,23,8
1244,29.0,16,13
1245,23.0,16,7
1246,29.0,19,10
1247,28.0,16,12
1248,30.0,19,11
1249,20.0,12,8
1250,25.0,14,11
1251,27.0,17,10
1252,27.0,15,12
1253,25.0,11,14
1254,28.0,17,11
1255,24.0,15,9
1256,27.0,23,4
1257,31.0,14,17
1258,26.0,21,5
1259,27.0,18,9
1260,28.0,20,8
1261,25.0,16,9
1262,31.0,24,7
1263,27.0,19,8
1264,30.0,19,11
1265,39.0,20,19
1266,30.0,17,13
1267,30.0,20,10
1268,26.0,14,12
1269,26.0,15,11
1270,26.0,14,12
1271,19.0,13,6
1272,32.0,20,12
1273,24.0,10,14
1274,27.0,17,10
1275,32.0,20,12
1276,26.0,20,6
1277,24.0,21,3
1278,30.0,23,7
1279,30.0,22,8
1280,36.0,24,12
1281,27.0,15,12
1282,28.0,19,9
1283,26.0,13,13
1284,30.0,19,11
1285,28.0,20,8
1286,22.0,18,4
1287,28.0,15,13
1288,26.0,20,6
1289,31.0,20,11
1290,26.0,12,14
1291,30.0,11,19
1292,20.0,9,11
1293,29.0,21,8
1294,33.0,24,9
1295,35.0,21,14
1296,27.0,11,16
1297,24.0,8,16
1298,35.0,15,20
1299,27.0,16,11
1300,30.0,15,15
1301,30.0,23,7
1302,33.0,20,13
1303,20.0,13,7
1304,34.0,29,5
1305,22.0,5,17
1306,24.0,22,2
1307,32.0,22,10
1308,30.0,13,17
1309,24.0,10,14
1310,35.0,23,12
1311,26.0,13,13
1312,17.0,9,8
1313,30.0,17,13
1314,34.0,20,14
1315,27.0,20,7
1316,21.0,14,7
1317,28.0,18,10
1318,29.0,18,11
1319,25.0,15,10
1320,22.0,14,8
1321,31.0,15,16
1322,30.0,15,15
1323,30.0,9,21
1324,30.0,15,15
1325,34.0,12,22
1326,27.0,17,10
1327,30.0,23,7
1328,32.0,23,9
1329,30.0,18,12
1330,20.0,9,11
1331,28.0,21,7
1332,28.0,12,16
1333,26.0,10,16
1334,28.0,14,14
1335,28.0,15,13
1336,28.0,19,9
1337,25.0,20,5
1338,32.0,20,12
1339,31.0,24,7
1340,28.0,19,9
1341,31.0,13,18
1342,32.0,22,10
1343,28.0,18,10
1344,28.0,20,8
1345,30.0,21,9
1346,26.0,17,9
1347,32.0,20,12
1348,23.0,6,17
1349,34.0,19,15
1350,36.0,20,16
1351,32.0,19,13
1352,28.0,21,7
1353,27.0,16,11
1354,31.0,15,16
1355,32.0,13,19
1356,31.0,19,12
1357,36.0,16,20
1358,30.0,17,13
1359,32.0,26,6
1360,24.0,11,13
1361,22.0,18,4
1362,26.0,16,10
1363,24.0,12,12
1364,24.0,18,6
1365,32.0,22,10
1366,27.0,12,15
1367,27.0,15,12
1368,26.0,14,12
1369,22.0,17,5
1370,31.0,18,13
1371,22.0,17,5
1372,31.0,16,15
1373,27.0,19,8
1374,25.0,16,9
1375,28.0,19,9
1376,29.0,17,12
1377,29.0,14,15
1378,32.0,23,9
1379,24.0,17,7
1380,29.0,16,13
1381,30.0,14,16
1382,35.0,23,12
1383,30.0,24,6
1384,30.0,15,15
1385,25.0,15,10
1386,34.0,13,21
1387,32.0,21,11
1388,32.0,16,16
1389,33.0,22,11
1390,32.0,17,15
1391,26.0,16,10
1392,30.0,8,22
1393,28.0,19,9
1394,27.0,15,12
1395,26.0,10,16
1396,24.0,7,17
1397,25.0,11,14
1398,33.0,10,23
1399,27.0,14,13
1400,32.0,22,10
1401,33.0,25,8
1402,37.0,12,25
1403,32.0,11,21
1404,34.0,20,14
1405,30.0,16,14
1406,33.0,14,19
1407,33.0,13,20
1408,27.0,20,7
1409,30.0,18,12
1410,31.0,19,12
1411,24.0,8,16
1412,24.0,12,12
1413,36.0,21,15
1414,33.0,20,13
1415,30.0,16,14
1416,32.0,12,20
1417,33.0,17,16
1418,26.0,7,19
1419,32.0,19,13
1420,28.0,9,19
1421,28.0,10,18
1422,31.0,23,8
1423,25.0,14,11
1424,1.0,1,0
1425,31.0,17,14
1426,33.0,21,12
1427,33.0,22,11
1428,30.0,20,10
1429,28.0,14,14
1430,25.0,10,15
1431,21.0,9,12
1432,32.0,17,15
1433,27.0,19,8
1434,28.0,17,11
1435,29.0,16,13
1436,33.0,20,13
1437,35.0,22,13
1438,30.0,9,21
1439,33.0,20,13
1440,28.0,13,15
1441,33.0,13,20
1442,34.0,14,20
1443,23.0,18,5
1444,28.0,17,11
1445,36.0,22,14
1446,34.0,16,18
1447,30.0,13,17
1448,28.0,18,10
1449,25.0,10,15
1450,30.0,17,13
1451,27.0,15,12
1452,35.0,18,17
1453,35.0,22,13
1454,30.0,17,13
1455,26.0,12,14
1456,29.0,19,10
1457,42.0,17,25
1458,37.0,18,19
1459,40.0,20,20
1460,30.0,17,13
1461,33.0,16,17
1462,35.0,14,21
1463,27.0,15,12
1464,32.0,23,9
1465,31.0,16,15
1466,30.0,6,24
1467,28.0,12,16
1468,30.0,17,13
1469,27.0,14,13
1470,33.0,13,20
1471,30.0,13,17
1472,26.0,13,13
1473,31.0,14,17
1474,32.0,16,16
1475,32.0,15,17
1476,32.0,19,13
1477,32.0,20,12
1478,33.0,23,10
1479,30.0,21,9
1480,27.0,8,19
1481,34.0,24,10
1482,35.0,17,18
1483,32.0,19,13
1484,32.0,14,18
1485,32.0,16,16
1486,36.0,21,15
1487,27.0,15,12
1488,28.0,17,11
1489,28.0,17,11
1490,30.0,19,11
1491,31.0,13,18
1492,28.0,16,12
1493,28.0,14,14
1494,30.0,18,12
1495,27.0,20,7
1496,33.0,16,17
1497,23.0,15,8
1498,38.0,20,18
1499,24.0,7,17
1500,30.0,22,8
1501,12.0,8,4
1502,35.0,19,16
1503,31.0,18,13
1504,29.0,14,15
1505,33.0,11,22
1506,26.0,17,9
1507,26.0,21,5
1508,32.0,20,12
1509,33.0,23,10
1510,29.0,9,20
1511,24.0,14,10
1512,31.0,15,16
1513,37.0,24,13
1514,35.0,20,15
1515,28.0,9,19
1516,33.0,15,18
1517,9.0,5,4
1518,31.0,21,10
1519,32.0,17,15
1520,33.0,15,18
1521,32.0,24,8
1522,37.0,20,17
1523,30.0,20,10
1524,33.0,20,13
1525,32.0,15,17
1526,32.0,19,13
1527,29.0,18,11
1528,37.0,18,19
1529,33.0,20,13
1530,39.0,22,17
1531,31.0,19,12
1532,34.0,21,13
1533,19.0,7,12
1534,36.0,23,13
1535,30.0,17,13
1536,32.0,17,15
1537,36.0,14,22
1538,32.0,19,13
1539,22.0,12,10
1540,24.0,11,13
1541,31.0,18,13
1542,28.0,15,13
1543,28.0,15,13
1544,30.0,16,14
1545,29.0,15,14
1546,29.0,22,7
1547,32.0,16,16
1548,38.0,22,16
1549,29.0,14,15
1550,37.0,26,11
1551,34.0,17,17
1552,32.0,17,15
1553,24.0,12,12
1554,35.0,20,15
1555,33.0,14,19
1556,35.0,21,14
1557,27.0,13,14
1558,26.0,17,9
1559,31.0,18,13
1560,32.0,18,14
1561,28.0,16,12
1562,35.0,17,18
1563,32.0,17,15
1564,33.0,16,17
1565,36.0,20,16
1566,31.0,15,16
1567,28.0,15,13
1568,25.0,13,12
1569,28.0,17,11
1570,33.0,11,22
1571,32.0,8,24
1572,31.0,18,13
1573,31.0,22,9
1574,26.0,9,17
1575,36.0,25,11
1576,37.0,25,12
1577,30.0,20,10
1578,33.0,19,14
1579,33.0,16,17
1580,25.0,20,5
1581,28.0,15,13
1582,29.0,17,12
1583,27.0,19,8
1584,27.0,14,13
1585,28.0,13,15
1586,26.0,17,9
1587,30.0,14,16
1588,41.0,19,22
1589,33.0,15,18
1590,34.0,21,13
1591,28.0,15,13
1592,27.0,21,6
1593,31.0,18,13
1594,30.0,13,17
1595,36.0,16,20
1596,28.0,19,9
1597,32.0,19,13
1598,29.0,16,13
1599,22.0,15,7
1600,35.0,23,12
1601,32.0,16,16
1602,30.0,17,13
1603,19.0,7,12
1604,29.0,14,15
1605,28.0,22,6
1606,33.0,12,21
1607,30.0,18,12
1608,31.0,24,7
1609,24.0,13,11
1610,28.0,20,8
1611,31.0,19,12
1612,31.0,22,9
1613,28.0,18,10
1614,31.0,13,18
1615,37.0,21,16
1616,25.0,11,14
1617,33.0,15,18
1618,33.0,21,12
1619,35.0,17,18
1620,37.0,26,11
1621,30.0,19,11
1622,36.0,19,17
1623,24.0,16,8
1624,34.0,30,4
1625,36.0,18,18
1626,32.0,19,13
1627,29.0,18,11
1628,33.0,16,17
1629,35.0,20,15
1630,29.0,18,11
1631,29.0,15,14
1632,29.0,20,9
1633,37.0,23,14
1634,32.0,18,14
1635,26.0,12,14
1636,25.0,15,10
1637,31.0,20,11
1638,32.0,25,7
1639,24.0,11,13
1640,30.0,22,8
1641,29.0,17,12
1642,32.0,14,18
1643,29.0,11,18
1644,31.0,15,16
1645,33.0,21,12
1646,36.0,19,17
1647,28.0,11,17
1648,28.0,14,14
1649,32.0,16,16
1650,26.0,15,11
1651,29.0,13,16
1652,30.0,16,14
1653,32.0,13,19
1654,38.0,19,19
1655,31.0,15,16
1656,33.0,17,16
1657,31.0,22,9
1658,31.0,17,14
1659,33.0,17,16
1660,25.0,14,11
1661,28.0,10,18
1662,29.0,18,11
1663,29.0,15,14
1664,31.0,18,13
1665,33.0,9,24
1666,33.0,23,10
1667,30.0,18,12
1668,36.0,20,16
1669,32.0,12,20
1670,27.0,13,14
1671,27.0,4,23
1672,32.0,14,18
1673,32.0,15,17
1674,34.0,17,17
1675,33.0,18,15
1676,23.0,16,7
1677,33.0,21,12
1678,31.0,11,20
1679,33.0,17,16
1680,36.0,14,22
1681,26.0,11,15
1682,38.0,16,22
1683,28.0,19,9
1684,33.0,13,20
1685,32.0,10,22
1686,29.0,19,10
1687,30.0,19,11
1688,24.0,13,11
1689,29.0,24,5
1690,26.0,19,7
1691,35.0,14,21
1692,31.0,18,13
1693,30.0,17,13
1694,33.0,14,19
1695,32.0,14,18
1696,31.0,13,18
1697,27.0,14,13
1698,34.0,14,20
1699,27.0,17,10
1700,31.0,18,13
1701,33.0,19,14
1702,23.0,14,9
1703,35.0,20,15
1704,27.0,21,6
1705,30.0,13,17
1706,29.0,13,16
1707,30.0,6,24
1708,38.0,22,16
1709,38.0,14,24
1710,31.0,18,13
1711,33.0,8,25
1712,28.0,15,13
1713,34.0,17,17
1714,30.0,12,18
1715,31.0,20,11
1716,26.0,17,9
1717,26.0,17,9
1718,37.0,17,20
1719,27.0,14,13
1720,29.0,9,20
1721,33.0,11,22
1722,24.0,12,12
1723,27.0,16,11
1724,40.0,25,15
1725,26.0,14,12
1726,30.0,17,13
1727,31.0,9,22
1728,31.0,8,23
1729,27.0,9,18
1730,33.0,23,10
1731,34.0,17,17
1732,31.0,11,20
1733,28.0,18,10
1734,35.0,14,21
1735,32.0,17,15
1736,35.0,16,19
1737,32.0,11,21
1738,29.0,17,12
1739,33.0,21,12
1740,32.0,18,14
1741,29.0,20,9
1742,30.0,17,13
1743,30.0,18,12
1744,32.0,12,20
1745,38.0,29,9
1746,31.0,12,19
1747,28.0,15,13
1748,35.0,18,17
1749,22.0,14,8
1750,34.0,11,23
1751,28.0,12,16
1752,29.0,19,10
1753,30.0,17,13
1754,32.0,9,23
1755,29.0,19,10
1756,31.0,17,14
1757,33.0,8,25
1758,33.0,13,20
1759,33.0,29,4
1760,26.0,14,12
1761,30.0,15,15
1762,30.0,11,19
1763,28.0,14,14
1764,28.0,16,12
1765,34.0,24,10
1766,25.0,11,14
1767,39.0,15,24
1768,28.0,14,14
1769,28.0,17,11
1770,26.0,12,14
1771,37.0,24,13
1772,28.0,11,17
1773,36.0,15,21
1774,19.0,9,10
1775,30.0,14,16
1776,31.0,10,21
1777,35.0,15,20
1778,26.0,18,8
1779,31.0,18,13
1780,32.0,12,20
1781,34.0,19,15
1782,34.0,16,18
1783,41.0,19,22
1784,33.0,12,21
1785,31.0,8,23
1786,26.0,12,14
1787,28.0,11,17
1788,35.0,11,24
1789,36.0,16,20
1790,34.0,17,17
1791,32.0,13,19
1792,33.0,13,20
1793,38.0,20,18
1794,34.0,21,13
1795,31.0,20,11
1796,27.0,8,19
1797,33.0,13,20
1798,29.0,17,12
1799,32.0,18,14
