episode,reward_agent_0,reward_agent_1,a0_red_coins,a0_blue_coins,a1_red_coins,a1_blue_coins
0,11.0,-14.0,21,10,22,8
1,6.0,4.0,17,11,10,14
2,-8.0,-4.0,9,17,19,15
3,3.0,6.0,16,13,9,15
4,-3.0,-3.0,14,17,17,14
5,1.0,7.0,13,12,10,17
6,-2.0,-3.0,13,15,14,11
7,9.0,4.0,24,15,15,19
8,8.0,8.0,17,9,11,19
9,-4.0,2.0,15,19,13,15
10,-2.0,2.0,13,15,14,16
11,4.0,1.0,19,15,14,15
12,-4.0,0.0,15,19,15,15
13,3.0,3.0,14,11,15,18
14,0.0,-5.0,13,13,16,11
15,2.0,-8.0,13,11,14,6
16,0.0,15.0,11,11,10,25
17,6.0,-1.0,18,12,12,11
18,3.0,-1.0,17,14,16,15
19,-2.0,-2.0,15,17,19,17
20,3.0,9.0,17,14,6,15
21,-11.0,0.0,11,22,11,11
22,3.0,0.0,18,15,12,12
23,12.0,3.0,17,5,10,13
24,2.0,0.0,13,11,14,14
25,2.0,3.0,13,11,8,11
26,3.0,2.0,15,12,12,14
27,2.0,-4.0,15,13,14,10
28,1.0,-1.0,13,12,14,13
29,3.0,-4.0,17,14,16,12
30,11.0,0.0,15,4,9,9
31,-3.0,0.0,13,16,10,10
32,9.0,4.0,23,14,15,19
33,3.0,5.0,15,12,9,14
34,3.0,3.0,14,11,10,13
35,-3.0,4.0,11,14,7,11
36,1.0,-2.0,10,9,15,13
37,1.0,-9.0,11,10,16,7
38,3.0,-8.0,14,11,19,11
39,-2.0,2.0,7,9,8,10
40,13.0,-9.0,19,6,19,10
41,0.0,11.0,14,14,5,16
42,4.0,5.0,14,10,8,13
43,3.0,0.0,11,8,13,13
44,-1.0,0.0,14,15,9,9
45,-2.0,0.0,8,10,6,6
46,-4.0,4.0,10,14,7,11
47,8.0,-1.0,17,9,8,7
48,3.0,-2.0,14,11,11,9
49,3.0,3.0,16,13,10,13
50,3.0,1.0,16,13,16,17
51,3.0,-10.0,18,15,18,8
52,-3.0,-7.0,13,16,12,5
53,5.0,5.0,14,9,9,14
54,1.0,2.0,10,9,13,15
55,7.0,5.0,15,8,10,15
56,2.0,4.0,14,12,10,14
57,3.0,1.0,10,7,13,14
58,-4.0,6.0,9,13,9,15
59,6.0,4.0,17,11,10,14
60,-6.0,7.0,10,16,11,18
61,15.0,5.0,20,5,12,17
62,6.0,7.0,16,10,6,13
63,2.0,-2.0,17,15,12,10
64,2.0,5.0,17,15,14,19
65,4.0,4.0,12,8,10,14
66,-4.0,3.0,12,16,14,17
67,-4.0,4.0,7,11,6,10
68,8.0,11.0,17,9,9,20
69,7.0,7.0,14,7,12,19
70,0.0,4.0,15,15,12,16
71,6.0,2.0,16,10,11,13
72,1.0,10.0,16,15,8,18
73,10.0,5.0,22,12,13,18
74,-6.0,3.0,11,17,8,11
75,-5.0,3.0,11,16,12,15
76,0.0,0.0,14,14,13,13
77,6.0,11.0,12,6,10,21
78,4.0,6.0,11,7,13,19
79,-2.0,9.0,11,13,7,16
80,3.0,-9.0,14,11,20,11
81,11.0,10.0,20,9,5,15
82,7.0,-4.0,17,10,13,9
83,2.0,6.0,19,17,12,18
84,10.0,13.0,18,8,8,21
85,5.0,5.0,13,8,12,17
86,0.0,0.0,15,15,13,13
87,15.0,-5.0,22,7,16,11
88,-2.0,1.0,16,18,13,14
89,-1.0,3.0,8,9,10,13
90,8.0,4.0,15,7,12,16
91,-1.0,-8.0,13,14,16,8
92,5.0,5.0,20,15,7,12
93,11.0,4.0,17,6,12,16
94,7.0,10.0,18,11,11,21
95,8.0,4.0,19,11,14,18
96,11.0,6.0,19,8,9,15
97,-1.0,2.0,12,13,13,15
98,10.0,-2.0,18,8,11,9
99,7.0,5.0,16,9,9,14
100,13.0,0.0,24,11,8,8
101,-3.0,7.0,11,14,13,20
102,7.0,12.0,18,11,12,24
103,0.0,6.0,15,15,10,16
104,4.0,-2.0,14,10,18,16
105,7.0,11.0,16,9,12,23
106,11.0,2.0,23,12,15,17
107,9.0,-9.0,19,10,20,11
108,7.0,-2.0,16,9,18,16
109,7.0,0.0,15,8,12,12
110,15.0,5.0,23,8,10,15
111,2.0,-5.0,15,13,19,14
112,13.0,5.0,21,8,11,16
113,7.0,6.0,18,11,12,18
114,6.0,15.0,18,12,5,20
115,2.0,6.0,10,8,10,16
116,6.0,5.0,17,11,6,11
117,11.0,-3.0,24,13,22,19
118,-4.0,11.0,10,14,8,19
119,14.0,-1.0,19,5,15,14
120,16.0,11.0,22,6,9,20
121,0.0,6.0,12,12,10,16
122,4.0,5.0,17,13,7,12
123,2.0,6.0,12,10,8,14
124,10.0,12.0,19,9,10,22
125,17.0,3.0,24,7,12,15
126,6.0,4.0,16,10,8,12
127,5.0,6.0,22,17,9,15
128,-3.0,7.0,16,19,10,17
129,3.0,1.0,16,13,13,14
130,2.0,5.0,16,14,8,13
131,-2.0,4.0,15,17,16,20
132,6.0,7.0,15,9,9,16
133,8.0,2.0,20,12,15,17
134,4.0,5.0,15,11,10,15
135,8.0,3.0,18,10,11,14
136,6.0,9.0,14,8,10,19
137,-4.0,6.0,10,14,11,17
138,6.0,0.0,15,9,17,17
139,2.0,7.0,18,16,6,13
140,0.0,-1.0,17,17,13,12
141,0.0,-4.0,17,17,16,12
142,5.0,2.0,21,16,19,21
143,4.0,-4.0,13,9,16,12
144,4.0,17.0,14,10,5,22
145,2.0,1.0,16,14,14,15
146,9.0,-5.0,18,9,16,11
147,4.0,4.0,18,14,15,19
148,-4.0,19.0,12,16,3,22
149,9.0,-12.0,18,9,23,11
150,7.0,16.0,17,10,6,22
151,10.0,-2.0,16,6,18,16
152,6.0,4.0,19,13,12,16
153,10.0,8.0,16,6,12,20
154,12.0,10.0,17,5,4,14
155,6.0,9.0,18,12,11,20
156,5.0,4.0,15,10,9,13
157,9.0,8.0,13,4,11,19
158,17.0,6.0,22,5,10,16
159,9.0,2.0,19,10,15,17
160,8.0,1.0,21,13,12,13
161,8.0,16.0,20,12,4,20
162,12.0,14.0,17,5,8,22
163,3.0,8.0,15,12,4,12
164,13.0,7.0,21,8,12,19
165,0.0,11.0,11,11,8,19
166,11.0,11.0,22,11,9,20
167,8.0,10.0,16,8,10,20
168,-2.0,-7.0,11,13,19,12
169,20.0,4.0,24,4,13,17
170,11.0,7.0,17,6,11,18
171,15.0,6.0,23,8,14,20
172,17.0,6.0,22,5,10,16
173,7.0,6.0,18,11,8,14
174,2.0,13.0,9,7,10,23
175,2.0,15.0,14,12,8,23
176,13.0,3.0,19,6,13,16
177,4.0,14.0,12,8,7,21
178,8.0,7.0,19,11,12,19
179,0.0,8.0,16,16,11,19
180,5.0,12.0,12,7,9,21
181,14.0,3.0,21,7,11,14
182,4.0,9.0,15,11,10,19
183,-8.0,17.0,6,14,6,23
184,1.0,5.0,11,10,11,16
185,5.0,9.0,16,11,11,20
186,0.0,6.0,7,7,12,18
187,-2.0,11.0,12,14,10,21
188,0.0,8.0,11,11,13,21
189,13.0,9.0,19,6,9,18
190,9.0,1.0,17,8,12,13
191,8.0,6.0,15,7,11,17
192,3.0,2.0,13,10,14,16
193,2.0,9.0,13,11,6,15
194,4.0,14.0,15,11,7,21
195,3.0,7.0,12,9,8,15
196,4.0,19.0,16,12,7,26
197,1.0,8.0,12,11,10,18
198,7.0,13.0,16,9,5,18
199,9.0,6.0,12,3,11,17
200,11.0,5.0,19,8,12,17
201,8.0,11.0,14,6,8,19
202,4.0,7.0,16,12,17,24
203,-5.0,10.0,13,18,6,16
204,9.0,11.0,18,9,8,19
205,8.0,12.0,15,7,9,21
206,9.0,2.0,19,10,15,17
207,13.0,0.0,21,8,15,15
208,6.0,8.0,14,8,11,19
209,5.0,8.0,12,7,11,19
210,19.0,9.0,28,9,7,16
211,-2.0,10.0,15,17,11,21
212,14.0,6.0,21,7,12,18
213,12.0,9.0,19,7,6,15
214,11.0,15.0,18,7,7,22
215,10.0,11.0,21,11,10,21
216,14.0,3.0,21,7,8,11
217,13.0,13.0,21,8,1,14
218,6.0,1.0,18,12,10,11
219,6.0,1.0,20,14,10,11
220,3.0,9.0,14,11,8,17
221,18.0,17.0,23,5,3,20
222,8.0,11.0,17,9,10,21
223,8.0,16.0,15,7,8,24
224,15.0,9.0,25,10,11,20
225,9.0,12.0,16,7,11,23
226,8.0,12.0,18,10,7,19
227,12.0,13.0,20,8,8,21
228,-3.0,17.0,13,16,7,24
229,11.0,8.0,16,5,9,17
230,6.0,10.0,15,9,9,19
231,8.0,11.0,17,9,8,19
232,11.0,7.0,20,9,13,20
233,9.0,9.0,20,11,7,16
234,13.0,6.0,22,9,10,16
235,9.0,9.0,17,8,9,18
236,11.0,8.0,20,9,9,17
237,7.0,2.0,16,9,11,13
238,8.0,10.0,18,10,8,18
239,10.0,6.0,17,7,11,17
240,10.0,11.0,19,9,6,17
241,7.0,6.0,15,8,10,16
242,2.0,16.0,16,14,7,23
243,8.0,14.0,18,10,6,20
244,7.0,11.0,11,4,3,14
245,10.0,16.0,17,7,8,24
246,16.0,9.0,23,7,9,18
247,6.0,6.0,14,8,10,16
248,10.0,20.0,19,9,6,26
249,12.0,-1.0,14,2,10,9
250,2.0,16.0,14,12,10,26
251,14.0,11.0,18,4,9,20
252,4.0,1.0,14,10,15,16
253,14.0,14.0,20,6,3,17
254,3.0,3.0,19,16,13,16
255,11.0,20.0,18,7,6,26
256,9.0,17.0,17,8,6,23
257,5.0,11.0,15,10,8,19
258,1.0,10.0,13,12,11,21
259,16.0,11.0,22,6,7,18
260,8.0,10.0,22,14,5,15
261,-4.0,13.0,14,18,12,25
262,0.0,9.0,15,15,10,19
263,4.0,9.0,16,12,8,17
264,11.0,5.0,17,6,11,16
265,10.0,8.0,24,14,12,20
266,14.0,10.0,22,8,8,18
267,15.0,2.0,25,10,13,15
268,7.0,18.0,14,7,7,25
269,5.0,16.0,13,8,7,23
270,13.0,17.0,17,4,8,25
271,13.0,8.0,18,5,7,15
272,12.0,2.0,20,8,14,16
273,19.0,9.0,23,4,11,20
274,6.0,10.0,18,12,6,16
275,16.0,17.0,19,3,8,25
276,5.0,7.0,17,12,12,19
277,11.0,20.0,18,7,9,29
278,3.0,5.0,13,10,12,17
279,7.0,7.0,16,9,11,18
280,17.0,7.0,23,6,4,11
281,10.0,14.0,19,9,7,21
282,0.0,5.0,16,16,13,18
283,6.0,11.0,16,10,10,21
284,7.0,0.0,19,12,15,15
285,13.0,9.0,20,7,6,15
286,5.0,6.0,13,8,12,18
287,9.0,13.0,19,10,10,23
288,4.0,9.0,14,10,11,20
289,11.0,11.0,16,5,10,21
290,12.0,8.0,20,8,12,20
291,18.0,10.0,22,4,6,16
292,9.0,17.0,19,10,9,26
293,16.0,14.0,23,7,5,19
294,16.0,5.0,19,3,10,15
295,14.0,13.0,20,6,9,22
296,3.0,12.0,11,8,10,22
297,11.0,8.0,20,9,7,15
298,8.0,8.0,21,13,7,15
299,0.0,10.0,14,14,7,17
300,4.0,-5.0,15,11,17,12
301,12.0,17.0,20,8,7,24
302,11.0,10.0,22,11,6,16
303,12.0,10.0,21,9,8,18
304,6.0,14.0,23,17,4,18
305,13.0,14.0,19,6,7,21
306,10.0,7.0,17,7,6,13
307,11.0,7.0,20,9,5,12
308,6.0,-5.0,15,9,18,13
309,9.0,11.0,16,7,5,16
310,5.0,15.0,15,10,7,22
311,20.0,6.0,26,6,10,16
312,11.0,9.0,17,6,7,16
313,11.0,8.0,17,6,11,19
314,0.0,19.0,16,16,7,26
315,7.0,13.0,15,8,6,19
316,10.0,1.0,11,1,7,8
317,5.0,6.0,17,12,12,18
318,13.0,16.0,20,7,5,21
319,9.0,12.0,20,11,6,18
320,7.0,13.0,16,9,6,19
321,10.0,0.0,16,6,13,13
322,9.0,6.0,19,10,10,16
323,1.0,8.0,15,14,8,16
324,14.0,14.0,23,9,12,26
325,12.0,9.0,18,6,10,19
326,17.0,12.0,24,7,11,23
327,10.0,14.0,20,10,9,23
328,13.0,14.0,21,8,2,16
329,5.0,27.0,11,6,6,33
330,3.0,8.0,14,11,13,21
331,10.0,5.0,17,7,8,13
332,9.0,10.0,14,5,6,16
333,22.0,16.0,27,5,5,21
334,11.0,5.0,20,9,7,12
335,10.0,1.0,20,10,14,15
336,11.0,20.0,15,4,5,25
337,16.0,10.0,24,8,9,19
338,12.0,15.0,21,9,7,22
339,12.0,12.0,20,8,5,17
340,13.0,8.0,22,9,12,20
341,6.0,16.0,18,12,3,19
342,6.0,17.0,11,5,4,21
343,17.0,9.0,24,7,10,19
344,12.0,16.0,25,13,8,24
345,21.0,17.0,25,4,1,18
346,16.0,10.0,21,5,8,18
347,6.0,5.0,18,12,11,16
348,11.0,12.0,23,12,7,19
349,10.0,7.0,19,9,6,13
350,5.0,7.0,15,10,10,17
351,14.0,10.0,22,8,6,16
352,19.0,5.0,25,6,14,19
353,7.0,15.0,14,7,5,20
354,3.0,7.0,16,13,14,21
355,13.0,8.0,20,7,8,16
356,14.0,17.0,20,6,7,24
357,20.0,4.0,26,6,9,13
358,16.0,11.0,23,7,6,17
359,17.0,10.0,21,4,8,18
360,5.0,6.0,16,11,8,14
361,10.0,7.0,16,6,12,19
362,23.0,3.0,25,2,8,11
363,13.0,20.0,20,7,5,25
364,13.0,12.0,21,8,7,19
365,18.0,10.0,22,4,7,17
366,9.0,17.0,15,6,5,22
367,18.0,16.0,25,7,4,20
368,13.0,13.0,20,7,9,22
369,18.0,5.0,25,7,7,12
370,17.0,18.0,21,4,7,25
371,15.0,9.0,23,8,9,18
372,15.0,12.0,21,6,5,17
373,12.0,12.0,20,8,5,17
374,4.0,9.0,15,11,10,19
375,7.0,24.0,15,8,7,31
376,14.0,13.0,23,9,5,18
377,14.0,12.0,20,6,9,21
378,19.0,8.0,24,5,8,16
379,16.0,16.0,20,4,9,25
380,2.0,9.0,11,9,9,18
381,13.0,11.0,20,7,11,22
382,19.0,10.0,24,5,10,20
383,16.0,8.0,20,4,13,21
384,22.0,5.0,28,6,9,14
385,8.0,17.0,18,10,5,22
386,2.0,4.0,4,2,2,6
387,13.0,21.0,17,4,3,24
388,8.0,12.0,15,7,5,17
389,16.0,17.0,18,2,7,24
390,11.0,5.0,21,10,9,14
391,4.0,18.0,13,9,7,25
392,5.0,8.0,14,9,8,16
393,12.0,12.0,21,9,5,17
394,8.0,17.0,15,7,4,21
395,16.0,16.0,24,8,6,22
396,13.0,23.0,21,8,7,30
397,14.0,20.0,21,7,8,28
398,15.0,25.0,25,10,6,31
399,18.0,21.0,23,5,3,24
400,16.0,13.0,24,8,7,20
401,12.0,12.0,18,6,10,22
402,21.0,16.0,26,5,6,22
403,16.0,11.0,20,4,8,19
404,6.0,11.0,15,9,9,20
405,14.0,16.0,18,4,9,25
406,23.0,8.0,29,6,10,18
407,11.0,8.0,24,13,8,16
408,21.0,8.0,25,4,8,16
409,11.0,13.0,17,6,7,20
410,17.0,8.0,19,2,12,20
411,9.0,18.0,12,3,3,21
412,7.0,19.0,15,8,4,23
413,18.0,13.0,22,4,8,21
414,21.0,18.0,25,4,2,20
415,14.0,14.0,19,5,7,21
416,5.0,17.0,14,9,7,24
417,18.0,14.0,22,4,4,18
418,15.0,19.0,22,7,5,24
419,7.0,15.0,16,9,7,22
420,25.0,9.0,30,5,5,14
421,23.0,5.0,26,3,9,14
422,11.0,13.0,18,7,3,16
423,14.0,15.0,22,8,3,18
424,18.0,13.0,28,10,12,25
425,15.0,12.0,22,7,6,18
426,9.0,15.0,18,9,9,24
427,12.0,15.0,19,7,9,24
428,13.0,16.0,21,8,7,23
429,14.0,15.0,23,9,7,22
430,1.0,15.0,19,18,7,22
431,6.0,16.0,16,10,3,19
432,17.0,4.0,22,5,8,12
433,12.0,9.0,20,8,11,20
434,11.0,11.0,19,8,6,17
435,8.0,15.0,15,7,9,24
436,18.0,9.0,22,4,8,17
437,20.0,11.0,25,5,12,23
438,8.0,17.0,13,5,7,24
439,12.0,9.0,20,8,10,19
440,17.0,6.0,19,2,5,11
441,6.0,17.0,18,12,8,25
442,13.0,17.0,19,6,4,21
443,10.0,13.0,15,5,5,18
444,20.0,9.0,25,5,14,23
445,12.0,15.0,21,9,7,22
446,18.0,8.0,24,6,8,16
447,7.0,21.0,18,11,4,25
448,12.0,14.0,19,7,8,22
449,3.0,10.0,14,11,9,19
450,19.0,16.0,25,6,4,20
451,11.0,11.0,20,9,4,15
452,11.0,12.0,21,10,6,18
453,12.0,17.0,20,8,6,23
454,12.0,16.0,22,10,3,19
455,13.0,15.0,21,8,5,20
456,0.0,6.0,6,6,9,15
457,12.0,14.0,18,6,8,22
458,11.0,13.0,17,6,4,17
459,18.0,14.0,24,6,5,19
460,18.0,13.0,22,4,10,23
461,21.0,23.0,29,8,4,27
462,11.0,12.0,21,10,9,21
463,12.0,11.0,19,7,7,18
464,17.0,12.0,23,6,9,21
465,25.0,19.0,30,5,4,23
466,12.0,18.0,18,6,6,24
467,13.0,11.0,21,8,9,20
468,15.0,9.0,20,5,9,18
469,9.0,13.0,17,8,5,18
470,12.0,14.0,20,8,6,20
471,11.0,22.0,16,5,2,24
472,15.0,14.0,24,9,4,18
473,12.0,13.0,19,7,8,21
474,11.0,11.0,20,9,10,21
475,12.0,15.0,21,9,10,25
476,18.0,9.0,26,8,11,20
477,20.0,13.0,24,4,4,17
478,21.0,11.0,27,6,13,24
479,12.0,12.0,20,8,7,19
480,10.0,9.0,19,9,6,15
481,8.0,15.0,15,7,6,21
482,11.0,18.0,20,9,9,27
483,11.0,15.0,18,7,5,20
484,15.0,11.0,22,7,6,17
485,14.0,12.0,23,9,7,19
486,11.0,14.0,19,8,5,19
487,15.0,9.0,23,8,10,19
488,14.0,21.0,18,4,4,25
489,14.0,13.0,20,6,6,19
490,11.0,23.0,20,9,6,29
491,8.0,16.0,15,7,7,23
492,14.0,17.0,20,6,9,26
493,16.0,18.0,24,8,4,22
494,10.0,12.0,17,7,7,19
495,13.0,18.0,22,9,5,23
496,8.0,19.0,17,9,6,25
497,13.0,21.0,22,9,5,26
498,14.0,17.0,21,7,5,22
499,11.0,16.0,18,7,5,21
500,15.0,15.0,21,6,7,22
501,15.0,17.0,22,7,3,20
502,24.0,24.0,26,2,2,26
503,4.0,20.0,13,9,5,25
504,11.0,14.0,19,8,9,23
505,6.0,21.0,15,9,6,27
506,12.0,15.0,22,10,8,23
507,19.0,16.0,24,5,7,23
508,3.0,15.0,14,11,6,21
509,14.0,12.0,19,5,10,22
510,15.0,6.0,22,7,11,17
511,23.0,27.0,24,1,1,28
512,1.0,16.0,12,11,5,21
513,13.0,26.0,15,2,1,27
514,18.0,7.0,21,3,6,13
515,20.0,16.0,24,4,4,20
516,25.0,17.0,26,1,6,23
517,18.0,12.0,24,6,8,20
518,16.0,17.0,23,7,7,24
519,19.0,11.0,26,7,7,18
520,17.0,11.0,24,7,12,23
521,24.0,16.0,24,0,4,20
522,10.0,24.0,18,8,2,26
523,20.0,16.0,23,3,6,22
524,12.0,22.0,20,8,4,26
525,18.0,16.0,25,7,5,21
526,11.0,21.0,14,3,4,25
527,9.0,13.0,15,6,7,20
528,17.0,21.0,24,7,2,23
529,9.0,12.0,16,7,8,20
530,19.0,16.0,27,8,6,22
531,24.0,19.0,28,4,7,26
532,17.0,16.0,19,2,7,23
533,6.0,19.0,17,11,6,25
534,14.0,20.0,16,2,4,24
535,15.0,16.0,18,3,6,22
536,15.0,20.0,21,6,8,28
537,16.0,6.0,30,14,12,18
538,11.0,12.0,20,9,9,21
539,19.0,12.0,26,7,3,15
540,10.0,16.0,19,9,9,25
541,15.0,14.0,26,11,9,23
542,19.0,9.0,23,4,7,16
543,22.0,12.0,26,4,6,18
544,13.0,12.0,18,5,10,22
545,20.0,12.0,27,7,8,20
546,16.0,21.0,22,6,6,27
547,14.0,10.0,21,7,10,20
548,24.0,23.0,25,1,3,26
549,9.0,12.0,21,12,8,20
550,12.0,16.0,20,8,7,23
551,13.0,12.0,20,7,6,18
552,19.0,15.0,23,4,7,22
553,22.0,9.0,25,3,3,12
554,21.0,17.0,23,2,8,25
555,14.0,18.0,21,7,2,20
556,8.0,12.0,14,6,9,21
557,11.0,18.0,16,5,8,26
558,13.0,16.0,21,8,7,23
559,15.0,13.0,21,6,4,17
560,24.0,21.0,28,4,3,24
561,18.0,20.0,24,6,4,24
562,13.0,18.0,21,8,4,22
563,16.0,23.0,22,6,5,28
564,12.0,8.0,18,6,14,22
565,11.0,16.0,21,10,6,22
566,23.0,13.0,29,6,10,23
567,18.0,11.0,23,5,11,22
568,13.0,10.0,18,5,11,21
569,13.0,10.0,22,9,12,22
570,17.0,10.0,23,6,7,17
571,26.0,15.0,30,4,7,22
572,18.0,16.0,26,8,7,23
573,17.0,14.0,21,4,7,21
574,13.0,12.0,20,7,10,22
575,14.0,12.0,19,5,7,19
576,11.0,14.0,21,10,8,22
577,22.0,17.0,27,5,6,23
578,13.0,17.0,24,11,6,23
579,17.0,16.0,22,5,9,25
580,17.0,20.0,23,6,5,25
581,13.0,17.0,21,8,5,22
582,16.0,13.0,19,3,8,21
583,25.0,10.0,26,1,6,16
584,20.0,9.0,27,7,7,16
585,21.0,17.0,26,5,4,21
586,11.0,11.0,25,14,8,19
587,12.0,19.0,19,7,6,25
588,13.0,6.0,22,9,10,16
589,18.0,17.0,24,6,5,22
590,3.0,12.0,13,10,8,20
591,19.0,16.0,27,8,3,19
592,15.0,17.0,22,7,5,22
593,17.0,16.0,23,6,4,20
594,14.0,8.0,19,5,11,19
595,18.0,12.0,23,5,8,20
596,22.0,9.0,24,2,10,19
597,15.0,24.0,18,3,4,28
598,17.0,12.0,20,3,8,20
599,15.0,16.0,24,9,5,21
600,3.0,10.0,12,9,7,17
601,12.0,16.0,24,12,5,21
602,18.0,18.0,24,6,4,22
603,24.0,11.0,30,6,5,16
604,19.0,28.0,25,6,2,30
605,20.0,17.0,26,6,7,24
606,25.0,10.0,30,5,9,19
607,16.0,17.0,23,7,2,19
608,22.0,22.0,25,3,2,24
609,14.0,21.0,23,9,7,28
610,10.0,20.0,15,5,6,26
611,12.0,17.0,19,7,6,23
612,9.0,18.0,15,6,7,25
613,17.0,8.0,22,5,7,15
614,13.0,22.0,18,5,4,26
615,12.0,18.0,19,7,3,21
616,14.0,13.0,19,5,7,20
617,12.0,10.0,20,8,9,19
618,15.0,11.0,18,3,9,20
619,17.0,11.0,25,8,11,22
620,11.0,15.0,21,10,10,25
621,20.0,21.0,22,2,4,25
622,8.0,16.0,18,10,4,20
623,12.0,15.0,16,4,6,21
624,11.0,19.0,19,8,6,25
625,12.0,11.0,17,5,8,19
626,15.0,14.0,21,6,5,19
627,19.0,15.0,25,6,5,20
628,9.0,24.0,17,8,2,26
629,10.0,8.0,16,6,10,18
630,16.0,9.0,25,9,11,20
631,16.0,16.0,24,8,2,18
632,9.0,11.0,16,7,11,22
633,10.0,16.0,17,7,6,22
634,14.0,16.0,20,6,8,24
635,18.0,16.0,20,2,5,21
636,16.0,17.0,20,4,6,23
637,13.0,12.0,22,9,7,19
638,20.0,16.0,23,3,5,21
639,11.0,14.0,22,11,9,23
640,5.0,19.0,17,12,9,28
641,15.0,16.0,20,5,9,25
642,16.0,17.0,22,6,3,20
643,13.0,19.0,20,7,3,22
644,15.0,11.0,22,7,8,19
645,19.0,17.0,25,6,6,23
646,16.0,22.0,23,7,1,23
647,15.0,14.0,20,5,9,23
648,7.0,14.0,18,11,3,17
649,16.0,18.0,23,7,6,24
650,14.0,15.0,18,4,9,24
651,20.0,12.0,26,6,7,19
652,16.0,15.0,21,5,5,20
653,14.0,13.0,20,6,6,19
654,8.0,20.0,16,8,7,27
655,20.0,12.0,23,3,10,22
656,10.0,14.0,19,9,8,22
657,19.0,16.0,24,5,6,22
658,10.0,18.0,19,9,5,23
659,20.0,17.0,23,3,8,25
660,17.0,21.0,18,1,5,26
661,12.0,17.0,17,5,6,23
662,14.0,12.0,22,8,6,18
663,17.0,21.0,23,6,2,23
664,17.0,14.0,25,8,7,21
665,18.0,15.0,21,3,8,23
666,15.0,16.0,21,6,6,22
667,17.0,13.0,23,6,5,18
668,17.0,13.0,18,1,9,22
669,11.0,7.0,20,9,6,13
670,9.0,17.0,19,10,5,22
671,8.0,18.0,12,4,4,22
672,19.0,10.0,25,6,15,25
673,18.0,19.0,22,4,4,23
674,19.0,17.0,26,7,10,27
675,11.0,23.0,21,10,5,28
676,15.0,16.0,21,6,7,23
677,21.0,17.0,22,1,8,25
678,24.0,15.0,27,3,2,17
679,17.0,14.0,22,5,5,19
680,18.0,14.0,23,5,3,17
681,17.0,15.0,23,6,7,22
682,19.0,12.0,24,5,8,20
683,15.0,17.0,23,8,5,22
684,16.0,21.0,22,6,4,25
685,17.0,14.0,24,7,5,19
686,15.0,12.0,22,7,5,17
687,17.0,15.0,24,7,8,23
688,15.0,11.0,24,9,7,18
689,16.0,14.0,22,6,5,19
690,8.0,13.0,15,7,11,24
691,10.0,20.0,20,10,7,27
692,18.0,15.0,21,3,8,23
693,16.0,15.0,25,9,3,18
694,12.0,15.0,18,6,6,21
695,1.0,16.0,14,13,4,20
696,8.0,22.0,18,10,5,27
697,16.0,19.0,20,4,4,23
698,17.0,22.0,25,8,3,25
699,20.0,20.0,25,5,2,22
700,25.0,22.0,27,2,3,25
701,9.0,19.0,23,14,4,23
702,13.0,19.0,17,4,5,24
703,14.0,14.0,18,4,5,19
704,17.0,18.0,21,4,6,24
705,14.0,18.0,23,9,6,24
706,18.0,15.0,21,3,9,24
707,23.0,20.0,30,7,7,27
708,11.0,18.0,22,11,5,23
709,7.0,13.0,11,4,7,20
710,21.0,16.0,24,3,5,21
711,20.0,17.0,28,8,6,23
712,17.0,21.0,22,5,2,23
713,17.0,12.0,19,2,7,19
714,11.0,22.0,21,10,5,27
715,-3.0,13.0,6,9,4,17
716,19.0,15.0,23,4,3,18
717,9.0,19.0,18,9,8,27
718,15.0,12.0,22,7,10,22
719,20.0,13.0,25,5,11,24
720,19.0,18.0,22,3,3,21
721,18.0,17.0,25,7,8,25
722,18.0,13.0,23,5,6,19
723,14.0,16.0,21,7,3,19
724,17.0,17.0,22,5,6,23
725,18.0,12.0,25,7,13,25
726,14.0,19.0,24,10,5,24
727,19.0,17.0,22,3,5,22
728,12.0,19.0,16,4,5,24
729,20.0,11.0,26,6,8,19
730,16.0,11.0,22,6,10,21
731,16.0,19.0,22,6,4,23
732,15.0,21.0,17,2,6,27
733,16.0,13.0,20,4,5,18
734,7.0,22.0,14,7,5,27
735,18.0,15.0,24,6,7,22
736,13.0,14.0,16,3,7,21
737,18.0,17.0,20,2,5,22
738,23.0,21.0,27,4,0,21
739,17.0,12.0,23,6,1,13
740,9.0,17.0,13,4,10,27
741,7.0,13.0,18,11,4,17
742,23.0,10.0,27,4,8,18
743,17.0,18.0,24,7,4,22
744,13.0,13.0,23,10,5,18
745,22.0,20.0,27,5,6,26
746,4.0,14.0,15,11,10,24
747,19.0,14.0,20,1,11,25
748,16.0,18.0,22,6,5,23
749,20.0,23.0,23,3,4,27
750,19.0,14.0,22,3,10,24
751,17.0,14.0,18,1,9,23
752,16.0,15.0,21,5,4,19
753,21.0,17.0,23,2,6,23
754,15.0,10.0,21,6,8,18
755,6.0,21.0,19,13,2,23
756,19.0,12.0,22,3,9,21
757,9.0,14.0,18,9,6,20
758,13.0,14.0,19,6,7,21
759,11.0,17.0,18,7,8,25
760,11.0,13.0,16,5,4,17
761,10.0,14.0,13,3,9,23
762,14.0,19.0,21,7,2,21
763,16.0,22.0,22,6,3,25
764,21.0,22.0,24,3,1,23
765,10.0,15.0,20,10,6,21
766,18.0,18.0,22,4,3,21
767,20.0,16.0,25,5,7,23
768,24.0,15.0,26,2,9,24
769,22.0,18.0,28,6,8,26
770,20.0,25.0,27,7,2,27
771,10.0,14.0,15,5,11,25
772,16.0,16.0,23,7,6,22
773,12.0,16.0,19,7,3,19
774,7.0,22.0,18,11,5,27
775,14.0,14.0,21,7,5,19
776,18.0,21.0,25,7,4,25
777,19.0,17.0,22,3,6,23
778,16.0,17.0,23,7,6,23
779,15.0,15.0,22,7,2,17
780,14.0,22.0,19,5,5,27
781,18.0,23.0,25,7,7,30
782,16.0,9.0,23,7,5,14
783,10.0,10.0,22,12,12,22
784,19.0,16.0,25,6,7,23
785,15.0,13.0,21,6,7,20
786,16.0,17.0,23,7,3,20
787,14.0,17.0,19,5,7,24
788,21.0,19.0,24,3,3,22
789,15.0,14.0,26,11,9,23
790,17.0,17.0,21,4,4,21
791,21.0,22.0,23,2,6,28
792,16.0,18.0,23,7,3,21
793,11.0,27.0,20,9,4,31
794,23.0,17.0,27,4,7,24
795,20.0,9.0,26,6,5,14
796,22.0,9.0,29,7,7,16
797,21.0,20.0,24,3,5,25
798,18.0,13.0,25,7,8,21
799,19.0,19.0,28,9,6,25
800,22.0,18.0,32,10,1,19
801,12.0,16.0,21,9,8,24
802,14.0,11.0,20,6,8,19
803,17.0,23.0,25,8,3,26
804,24.0,16.0,30,6,5,21
805,13.0,16.0,21,8,6,22
806,19.0,22.0,24,5,3,25
807,11.0,14.0,17,6,7,21
808,19.0,18.0,25,6,3,21
809,25.0,23.0,27,2,2,25
810,17.0,16.0,19,2,8,24
811,18.0,12.0,22,4,6,18
812,21.0,19.0,24,3,3,22
813,14.0,16.0,21,7,7,23
814,15.0,16.0,21,6,5,21
815,24.0,19.0,28,4,4,23
816,22.0,12.0,25,3,3,15
817,23.0,17.0,28,5,5,22
818,17.0,20.0,23,6,4,24
819,18.0,22.0,23,5,4,26
820,24.0,23.0,29,5,5,28
821,16.0,23.0,22,6,1,24
822,15.0,9.0,19,4,11,20
823,20.0,19.0,28,8,6,25
824,22.0,19.0,28,6,9,28
825,17.0,12.0,20,3,6,18
826,22.0,10.0,27,5,6,16
827,16.0,22.0,20,4,4,26
828,14.0,12.0,24,10,6,18
829,17.0,14.0,23,6,4,18
830,23.0,18.0,26,3,6,24
831,15.0,18.0,19,4,4,22
832,20.0,16.0,24,4,5,21
833,11.0,13.0,16,5,10,23
834,17.0,6.0,23,6,10,16
835,23.0,16.0,27,4,9,25
836,17.0,15.0,24,7,4,19
837,21.0,24.0,24,3,3,27
838,17.0,15.0,22,5,7,22
839,17.0,21.0,22,5,3,24
840,15.0,12.0,23,8,4,16
841,24.0,11.0,27,3,6,17
842,13.0,21.0,19,6,5,26
843,14.0,22.0,19,5,2,24
844,22.0,20.0,25,3,4,24
845,16.0,19.0,24,8,5,24
846,16.0,20.0,20,4,3,23
847,16.0,15.0,23,7,2,17
848,15.0,17.0,23,8,6,23
849,13.0,14.0,21,8,4,18
850,16.0,13.0,24,8,13,26
851,22.0,22.0,27,5,4,26
852,19.0,16.0,23,4,5,21
853,29.0,16.0,32,3,6,22
854,19.0,10.0,23,4,12,22
855,26.0,23.0,30,4,5,28
856,20.0,18.0,21,1,10,28
857,16.0,16.0,24,8,12,28
858,13.0,19.0,24,11,7,26
859,19.0,19.0,24,5,4,23
860,14.0,22.0,25,11,5,27
861,10.0,12.0,17,7,6,18
862,17.0,9.0,24,7,8,17
863,13.0,12.0,21,8,4,16
864,19.0,17.0,20,1,8,25
865,22.0,16.0,26,4,4,20
866,25.0,19.0,28,3,4,23
867,15.0,14.0,21,6,7,21
868,19.0,12.0,26,7,5,17
869,17.0,20.0,22,5,4,24
870,22.0,8.0,30,8,9,17
871,17.0,22.0,23,6,3,25
872,24.0,14.0,28,4,5,19
873,16.0,14.0,19,3,9,23
874,16.0,20.0,23,7,4,24
875,19.0,16.0,23,4,5,21
876,21.0,8.0,25,4,6,14
877,12.0,16.0,19,7,7,23
878,11.0,10.0,21,10,7,17
879,22.0,11.0,26,4,8,19
880,26.0,22.0,29,3,5,27
881,17.0,15.0,24,7,7,22
882,17.0,16.0,20,3,6,22
883,13.0,21.0,22,9,4,25
884,22.0,23.0,28,6,4,27
885,24.0,21.0,26,2,3,24
886,16.0,16.0,21,5,6,22
887,19.0,18.0,25,6,8,26
888,23.0,14.0,27,4,6,20
889,21.0,11.0,25,4,6,17
890,24.0,21.0,33,9,6,27
891,26.0,19.0,32,6,3,22
892,10.0,7.0,17,7,12,19
893,14.0,14.0,22,8,6,20
894,17.0,20.0,21,4,3,23
895,12.0,16.0,20,8,5,21
896,15.0,17.0,20,5,5,22
897,19.0,12.0,23,4,9,21
898,10.0,19.0,19,9,7,26
899,17.0,14.0,25,8,6,20
900,12.0,15.0,21,9,7,22
901,16.0,17.0,23,7,4,21
902,17.0,18.0,24,7,8,26
903,16.0,21.0,24,8,5,26
904,14.0,17.0,23,9,3,20
905,15.0,7.0,19,4,9,16
906,17.0,18.0,21,4,3,21
907,9.0,16.0,19,10,9,25
908,13.0,18.0,19,6,5,23
909,14.0,12.0,23,9,9,21
910,15.0,14.0,22,7,4,18
911,23.0,21.0,25,2,7,28
912,26.0,22.0,28,2,4,26
913,18.0,10.0,23,5,12,22
914,16.0,9.0,24,8,8,17
915,22.0,16.0,25,3,4,20
916,21.0,9.0,27,6,6,15
917,20.0,14.0,22,2,5,19
918,18.0,10.0,23,5,9,19
919,20.0,19.0,25,5,2,21
920,12.0,16.0,21,9,6,22
921,17.0,15.0,24,7,3,18
922,19.0,14.0,24,5,8,22
923,22.0,18.0,23,1,8,26
924,14.0,4.0,23,9,8,12
925,25.0,22.0,28,3,5,27
926,19.0,15.0,23,4,4,19
927,15.0,15.0,22,7,8,23
928,17.0,13.0,19,2,9,22
929,27.0,13.0,35,8,5,18
930,20.0,19.0,25,5,4,23
931,25.0,16.0,31,6,6,22
932,17.0,16.0,25,8,5,21
933,22.0,14.0,24,2,5,19
934,22.0,20.0,29,7,8,28
935,21.0,15.0,27,6,8,23
936,22.0,16.0,24,2,5,21
937,16.0,19.0,21,5,4,23
938,17.0,16.0,21,4,4,20
939,23.0,20.0,27,4,5,25
940,11.0,14.0,24,13,5,19
941,21.0,17.0,26,5,3,20
942,17.0,20.0,20,3,5,25
943,19.0,14.0,27,8,5,19
944,11.0,17.0,15,4,9,26
945,15.0,19.0,21,6,5,24
946,13.0,13.0,18,5,10,23
947,16.0,19.0,21,5,3,22
948,23.0,9.0,28,5,8,17
949,15.0,18.0,21,6,8,26
950,15.0,20.0,23,8,3,23
951,17.0,15.0,22,5,6,21
952,10.0,18.0,18,8,6,24
953,13.0,14.0,19,6,8,22
954,19.0,22.0,22,3,8,30
955,21.0,21.0,25,4,6,27
956,15.0,16.0,22,7,6,22
957,20.0,13.0,27,7,9,22
958,16.0,23.0,24,8,3,26
959,19.0,9.0,22,3,8,17
960,16.0,20.0,22,6,5,25
961,14.0,15.0,18,4,6,21
962,16.0,16.0,24,8,3,19
963,21.0,20.0,23,2,6,26
964,18.0,21.0,22,4,4,25
965,30.0,23.0,31,1,3,26
966,24.0,17.0,29,5,5,22
967,10.0,22.0,16,6,3,25
968,15.0,20.0,23,8,5,25
969,19.0,22.0,27,8,5,27
970,23.0,14.0,26,3,10,24
971,18.0,17.0,24,6,4,21
972,16.0,17.0,19,3,4,21
973,20.0,15.0,25,5,7,22
974,16.0,20.0,23,7,5,25
975,15.0,15.0,22,7,9,24
976,11.0,22.0,21,10,5,27
977,23.0,13.0,26,3,3,16
978,15.0,20.0,20,5,5,25
979,23.0,20.0,26,3,6,26
980,16.0,22.0,21,5,3,25
981,22.0,15.0,28,6,6,21
982,14.0,19.0,16,2,3,22
983,13.0,16.0,20,7,5,21
984,21.0,19.0,24,3,2,21
985,9.0,23.0,18,9,4,27
986,21.0,19.0,27,6,3,22
987,13.0,22.0,22,9,2,24
988,14.0,17.0,22,8,5,22
989,14.0,20.0,20,6,5,25
990,15.0,16.0,22,7,6,22
991,15.0,12.0,21,6,8,20
992,13.0,22.0,19,6,4,26
993,6.0,18.0,19,13,5,23
994,18.0,15.0,24,6,5,20
995,14.0,17.0,20,6,8,25
996,23.0,12.0,25,2,4,16
997,14.0,16.0,20,6,7,23
998,18.0,15.0,24,6,6,21
999,15.0,26.0,20,5,2,28
1000,18.0,11.0,26,8,6,17
1001,17.0,17.0,24,7,6,23
1002,17.0,18.0,21,4,5,23
1003,16.0,13.0,21,5,6,19
1004,20.0,17.0,26,6,4,21
1005,18.0,18.0,22,4,9,27
1006,21.0,14.0,24,3,7,21
1007,21.0,19.0,26,5,6,25
1008,18.0,17.0,23,5,4,21
1009,19.0,18.0,23,4,3,21
1010,17.0,15.0,22,5,8,23
1011,17.0,16.0,18,1,5,21
1012,12.0,12.0,17,5,7,19
1013,20.0,22.0,23,3,2,24
1014,20.0,14.0,21,1,8,22
1015,17.0,16.0,21,4,4,20
1016,17.0,12.0,25,8,3,15
1017,16.0,14.0,22,6,6,20
1018,23.0,21.0,27,4,2,23
1019,31.0,15.0,33,2,6,21
1020,18.0,17.0,22,4,3,20
1021,17.0,21.0,22,5,6,27
1022,16.0,18.0,21,5,7,25
1023,23.0,18.0,27,4,2,20
1024,17.0,20.0,22,5,2,22
1025,10.0,17.0,18,8,8,25
1026,12.0,18.0,22,10,5,23
1027,12.0,24.0,22,10,4,28
1028,24.0,16.0,30,6,7,23
1029,21.0,24.0,26,5,4,28
1030,21.0,22.0,25,4,2,24
1031,20.0,23.0,25,5,4,27
1032,23.0,23.0,28,5,3,26
1033,23.0,21.0,25,2,3,24
1034,17.0,26.0,23,6,3,29
1035,17.0,20.0,21,4,6,26
1036,23.0,14.0,26,3,6,20
1037,14.0,19.0,18,4,3,22
1038,14.0,28.0,18,4,3,31
1039,22.0,22.0,28,6,4,26
1040,13.0,14.0,20,7,10,24
1041,17.0,14.0,26,9,9,23
1042,16.0,24.0,19,3,4,28
1043,26.0,17.0,27,1,4,21
1044,16.0,24.0,19,3,3,27
1045,18.0,24.0,20,2,7,31
1046,17.0,27.0,22,5,3,30
1047,7.0,16.0,15,8,10,26
1048,19.0,22.0,25,6,4,26
1049,14.0,18.0,21,7,6,24
1050,14.0,19.0,21,7,6,25
1051,17.0,17.0,25,8,4,21
1052,22.0,20.0,26,4,6,26
1053,13.0,13.0,23,10,5,18
1054,18.0,18.0,23,5,7,25
1055,17.0,15.0,22,5,8,23
1056,18.0,14.0,23,5,6,20
1057,19.0,16.0,22,3,8,24
1058,19.0,25.0,21,2,4,29
1059,16.0,17.0,24,8,4,21
1060,17.0,22.0,17,0,3,25
1061,19.0,24.0,26,7,8,32
1062,21.0,15.0,26,5,6,21
1063,9.0,15.0,22,13,6,21
1064,14.0,18.0,21,7,6,24
1065,19.0,18.0,23,4,8,26
1066,22.0,19.0,26,4,6,25
1067,24.0,23.0,28,4,1,24
1068,16.0,23.0,21,5,3,26
1069,13.0,20.0,17,4,7,27
1070,11.0,12.0,19,8,7,19
1071,18.0,20.0,25,7,5,25
1072,16.0,18.0,20,4,4,22
1073,18.0,16.0,24,6,5,21
1074,15.0,20.0,21,6,6,26
1075,13.0,18.0,24,11,4,22
1076,17.0,20.0,20,3,6,26
1077,14.0,14.0,20,6,5,19
1078,20.0,20.0,24,4,6,26
1079,26.0,14.0,32,6,5,19
1080,20.0,18.0,26,6,9,27
1081,22.0,21.0,27,5,2,23
1082,24.0,18.0,28,4,2,20
1083,21.0,15.0,27,6,4,19
1084,21.0,21.0,24,3,4,25
1085,22.0,17.0,26,4,9,26
1086,21.0,17.0,28,7,1,18
1087,18.0,24.0,21,3,3,27
1088,20.0,32.0,24,4,2,34
1089,16.0,21.0,21,5,4,25
1090,21.0,24.0,27,6,4,28
1091,14.0,20.0,20,6,6,26
1092,17.0,19.0,20,3,7,26
1093,23.0,17.0,27,4,4,21
1094,27.0,20.0,29,2,4,24
1095,24.0,23.0,26,2,3,26
1096,23.0,13.0,28,5,6,19
1097,19.0,18.0,24,5,2,20
1098,19.0,21.0,23,4,4,25
1099,12.0,11.0,19,7,5,16
1100,15.0,19.0,23,8,8,27
1101,14.0,24.0,22,8,6,30
1102,19.0,19.0,23,4,3,22
1103,16.0,20.0,23,7,7,27
1104,18.0,24.0,25,7,4,28
1105,19.0,22.0,23,4,3,25
1106,15.0,16.0,21,6,6,22
1107,13.0,15.0,22,9,7,22
1108,28.0,17.0,30,2,5,22
1109,17.0,20.0,21,4,4,24
1110,17.0,19.0,23,6,4,23
1111,19.0,16.0,25,6,3,19
1112,24.0,15.0,28,4,5,20
1113,18.0,15.0,25,7,6,21
1114,19.0,19.0,23,4,5,24
1115,12.0,21.0,19,7,5,26
1116,20.0,13.0,26,6,9,22
1117,16.0,20.0,19,3,7,27
1118,26.0,15.0,27,1,5,20
1119,14.0,20.0,20,6,2,22
1120,16.0,15.0,23,7,5,20
1121,15.0,18.0,24,9,5,23
1122,18.0,15.0,26,8,5,20
1123,15.0,20.0,20,5,5,25
1124,22.0,18.0,29,7,7,25
1125,22.0,19.0,25,3,4,23
1126,18.0,19.0,23,5,7,26
1127,23.0,20.0,28,5,7,27
1128,17.0,23.0,24,7,6,29
1129,17.0,21.0,22,5,6,27
1130,22.0,21.0,27,5,3,24
1131,23.0,18.0,25,2,3,21
1132,24.0,23.0,26,2,3,26
1133,14.0,19.0,21,7,3,22
1134,19.0,17.0,24,5,5,22
1135,22.0,22.0,25,3,5,27
1136,20.0,20.0,26,6,3,23
1137,17.0,14.0,22,5,5,19
1138,21.0,21.0,23,2,6,27
1139,15.0,20.0,17,2,5,25
1140,21.0,19.0,26,5,6,25
1141,15.0,22.0,23,8,6,28
1142,16.0,11.0,23,7,9,20
1143,15.0,17.0,21,6,7,24
1144,17.0,20.0,22,5,3,23
1145,23.0,17.0,25,2,5,22
1146,19.0,11.0,26,7,7,18
1147,16.0,19.0,24,8,3,22
1148,20.0,26.0,22,2,3,29
1149,16.0,23.0,22,6,2,25
1150,16.0,18.0,24,8,6,24
1151,18.0,17.0,26,8,1,18
1152,16.0,13.0,23,7,7,20
1153,15.0,16.0,23,8,9,25
1154,18.0,15.0,26,8,9,24
1155,14.0,17.0,27,13,3,20
1156,14.0,23.0,22,8,7,30
1157,12.0,16.0,17,5,5,21
1158,22.0,17.0,26,4,4,21
1159,15.0,11.0,24,9,11,22
1160,22.0,22.0,26,4,3,25
1161,9.0,24.0,16,7,4,28
1162,13.0,10.0,22,9,10,20
1163,22.0,16.0,24,2,10,26
1164,18.0,26.0,21,3,6,32
1165,23.0,23.0,27,4,6,29
1166,14.0,22.0,21,7,7,29
1167,16.0,17.0,19,3,8,25
1168,11.0,14.0,20,9,3,17
1169,16.0,24.0,19,3,5,29
1170,10.0,9.0,20,10,10,19
1171,22.0,19.0,27,5,4,23
1172,18.0,19.0,23,5,4,23
1173,21.0,24.0,26,5,5,29
1174,11.0,16.0,21,10,5,21
1175,14.0,18.0,19,5,2,20
1176,22.0,19.0,29,7,5,24
1177,27.0,24.0,28,1,3,27
1178,25.0,24.0,28,3,3,27
1179,16.0,15.0,27,11,12,27
1180,18.0,20.0,24,6,5,25
1181,22.0,23.0,25,3,6,29
1182,20.0,23.0,22,2,6,29
1183,23.0,12.0,28,5,6,18
1184,24.0,19.0,28,4,2,21
1185,25.0,20.0,30,5,5,25
1186,19.0,23.0,25,6,3,26
1187,19.0,21.0,25,6,7,28
1188,12.0,18.0,23,11,7,25
1189,22.0,24.0,25,3,5,29
1190,14.0,20.0,22,8,5,25
1191,18.0,10.0,23,5,8,18
1192,30.0,20.0,33,3,2,22
1193,19.0,18.0,23,4,5,23
1194,22.0,23.0,28,6,6,29
1195,17.0,22.0,24,7,5,27
1196,19.0,23.0,23,4,7,30
1197,21.0,14.0,27,6,7,21
1198,20.0,7.0,27,7,11,18
1199,13.0,18.0,23,10,8,26
1200,21.0,16.0,26,5,6,22
1201,28.0,23.0,28,0,3,26
1202,11.0,13.0,23,12,7,20
1203,18.0,17.0,30,12,9,26
1204,22.0,24.0,29,7,3,27
1205,18.0,17.0,26,8,4,21
1206,22.0,21.0,24,2,4,25
1207,19.0,16.0,25,6,5,21
1208,21.0,22.0,24,3,2,24
1209,19.0,18.0,24,5,8,26
1210,20.0,19.0,22,2,5,24
1211,26.0,17.0,28,2,5,22
1212,20.0,16.0,23,3,5,21
1213,25.0,26.0,27,2,3,29
1214,13.0,15.0,18,5,8,23
1215,18.0,21.0,24,6,3,24
1216,22.0,27.0,27,5,0,27
1217,20.0,21.0,23,3,4,25
1218,18.0,14.0,25,7,8,22
1219,17.0,11.0,28,11,5,16
1220,19.0,18.0,27,8,4,22
1221,21.0,15.0,25,4,5,20
1222,12.0,22.0,24,12,4,26
1223,17.0,19.0,24,7,4,23
1224,20.0,14.0,29,9,8,22
1225,18.0,23.0,27,9,3,26
1226,19.0,23.0,23,4,9,32
1227,14.0,19.0,24,10,5,24
1228,14.0,22.0,21,7,7,29
1229,25.0,19.0,31,6,3,22
1230,14.0,23.0,21,7,1,24
1231,16.0,8.0,21,5,13,21
1232,28.0,31.0,30,2,3,34
1233,19.0,18.0,25,6,6,24
1234,19.0,19.0,22,3,5,24
1235,14.0,20.0,20,6,4,24
1236,27.0,20.0,29,2,3,23
1237,16.0,28.0,21,5,4,32
1238,24.0,18.0,28,4,3,21
1239,17.0,20.0,25,8,4,24
1240,23.0,19.0,26,3,8,27
1241,15.0,18.0,20,5,9,27
1242,22.0,20.0,25,3,5,25
1243,23.0,14.0,24,1,9,23
1244,22.0,21.0,30,8,9,30
1245,17.0,18.0,20,3,7,25
1246,19.0,28.0,28,9,2,30
1247,18.0,15.0,24,6,7,22
1248,17.0,17.0,24,7,2,19
1249,19.0,22.0,28,9,3,25
1250,28.0,19.0,33,5,4,23
1251,14.0,17.0,23,9,4,21
1252,24.0,22.0,29,5,4,26
1253,17.0,13.0,24,7,5,18
1254,17.0,16.0,25,8,3,19
1255,17.0,23.0,21,4,3,26
1256,15.0,11.0,23,8,7,18
1257,21.0,14.0,24,3,8,22
1258,18.0,17.0,24,6,8,25
1259,21.0,17.0,24,3,5,22
1260,31.0,20.0,32,1,3,23
1261,22.0,17.0,28,6,8,25
1262,13.0,12.0,19,6,4,16
1263,9.0,11.0,17,8,4,15
1264,17.0,24.0,22,5,2,26
1265,18.0,17.0,26,8,4,21
1266,22.0,23.0,25,3,3,26
1267,18.0,20.0,23,5,5,25
1268,23.0,16.0,25,2,7,23
1269,26.0,17.0,27,1,4,21
1270,17.0,20.0,24,7,1,21
1271,16.0,17.0,24,8,3,20
1272,23.0,13.0,27,4,7,20
1273,16.0,18.0,21,5,3,21
1274,27.0,20.0,28,1,3,23
1275,17.0,23.0,20,3,3,26
1276,22.0,16.0,26,4,7,23
1277,18.0,20.0,24,6,6,26
1278,14.0,13.0,20,6,9,22
1279,18.0,26.0,24,6,2,28
1280,11.0,16.0,17,6,3,19
1281,22.0,20.0,29,7,5,25
1282,17.0,16.0,25,8,7,23
1283,15.0,14.0,22,7,7,21
1284,14.0,14.0,22,8,9,23
1285,20.0,20.0,25,5,2,22
1286,19.0,14.0,24,5,5,19
1287,19.0,24.0,20,1,6,30
1288,19.0,18.0,21,2,4,22
1289,24.0,10.0,27,3,11,21
1290,12.0,19.0,15,3,4,23
1291,20.0,19.0,25,5,7,26
1292,13.0,23.0,17,4,7,30
1293,25.0,19.0,27,2,4,23
1294,19.0,22.0,27,8,6,28
1295,25.0,21.0,30,5,2,23
1296,25.0,14.0,26,1,10,24
1297,20.0,18.0,24,4,5,23
1298,21.0,17.0,23,2,5,22
1299,21.0,19.0,25,4,8,27
1300,26.0,21.0,28,2,3,24
1301,20.0,12.0,24,4,6,18
1302,15.0,25.0,23,8,2,27
1303,11.0,16.0,21,10,8,24
1304,19.0,19.0,26,7,3,22
1305,24.0,15.0,30,6,6,21
1306,13.0,23.0,21,8,8,31
1307,12.0,14.0,20,8,6,20
1308,22.0,20.0,24,2,5,25
1309,21.0,15.0,26,5,5,20
1310,21.0,16.0,27,6,7,23
1311,23.0,22.0,29,6,2,24
1312,20.0,17.0,29,9,5,22
1313,23.0,19.0,28,5,7,26
1314,15.0,4.0,22,7,8,12
1315,8.0,21.0,16,8,4,25
1316,22.0,9.0,25,3,7,16
1317,24.0,14.0,27,3,7,21
1318,13.0,13.0,18,5,4,17
1319,23.0,19.0,30,7,4,23
1320,21.0,13.0,23,2,5,18
1321,11.0,24.0,18,7,6,30
1322,21.0,22.0,27,6,3,25
1323,23.0,15.0,26,3,7,22
1324,31.0,21.0,34,3,4,25
1325,11.0,23.0,22,11,4,27
1326,27.0,26.0,35,8,0,26
1327,15.0,19.0,21,6,6,25
1328,19.0,14.0,27,8,9,23
1329,23.0,20.0,27,4,7,27
1330,27.0,20.0,32,5,5,25
1331,19.0,16.0,22,3,9,25
1332,24.0,17.0,25,1,7,24
1333,15.0,19.0,27,12,6,25
1334,19.0,20.0,25,6,6,26
1335,21.0,17.0,26,5,4,21
1336,24.0,20.0,29,5,7,27
1337,20.0,16.0,23,3,5,21
1338,25.0,15.0,29,4,8,23
1339,20.0,18.0,28,8,6,24
1340,25.0,24.0,27,2,4,28
1341,29.0,19.0,32,3,6,25
1342,21.0,17.0,27,6,4,21
1343,24.0,20.0,33,9,1,21
1344,21.0,24.0,26,5,1,25
1345,19.0,20.0,23,4,6,26
1346,20.0,27.0,26,6,5,32
1347,24.0,16.0,28,4,5,21
1348,19.0,22.0,25,6,6,28
1349,19.0,21.0,25,6,8,29
1350,16.0,22.0,23,7,2,24
1351,23.0,22.0,26,3,4,26
1352,25.0,15.0,27,2,10,25
1353,24.0,14.0,29,5,6,20
1354,17.0,20.0,23,6,6,26
1355,30.0,20.0,32,2,5,25
1356,23.0,12.0,27,4,8,20
1357,12.0,17.0,20,8,8,25
1358,22.0,14.0,26,4,7,21
1359,17.0,14.0,23,6,9,23
1360,20.0,22.0,24,4,3,25
1361,14.0,17.0,22,8,8,25
1362,18.0,19.0,24,6,5,24
1363,18.0,26.0,23,5,4,30
1364,21.0,23.0,23,2,3,26
1365,15.0,20.0,23,8,3,23
1366,13.0,24.0,21,8,3,27
1367,21.0,20.0,28,7,6,26
1368,23.0,14.0,29,6,7,21
1369,16.0,22.0,23,7,5,27
1370,19.0,15.0,25,6,4,19
1371,13.0,15.0,23,10,4,19
1372,29.0,18.0,34,5,3,21
1373,17.0,15.0,21,4,7,22
1374,21.0,17.0,27,6,12,29
1375,15.0,20.0,23,8,7,27
1376,21.0,21.0,27,6,4,25
1377,19.0,19.0,23,4,6,25
1378,21.0,19.0,28,7,8,27
1379,23.0,18.0,25,2,6,24
1380,19.0,27.0,26,7,2,29
1381,21.0,22.0,23,2,3,25
1382,18.0,17.0,23,5,4,21
1383,22.0,25.0,28,6,3,28
1384,17.0,9.0,24,7,11,20
1385,20.0,21.0,23,3,2,23
1386,21.0,15.0,26,5,7,22
1387,22.0,24.0,26,4,1,25
1388,24.0,24.0,27,3,4,28
1389,15.0,26.0,26,11,3,29
1390,25.0,20.0,30,5,4,24
1391,22.0,25.0,26,4,3,28
1392,21.0,23.0,27,6,6,29
1393,17.0,22.0,23,6,7,29
1394,18.0,22.0,27,9,4,26
1395,17.0,20.0,23,6,3,23
1396,21.0,14.0,30,9,6,20
1397,19.0,17.0,26,7,6,23
1398,17.0,14.0,23,6,6,20
1399,23.0,16.0,28,5,5,21
1400,24.0,28.0,28,4,3,31
1401,18.0,27.0,25,7,0,27
1402,21.0,14.0,26,5,6,20
1403,21.0,15.0,28,7,5,20
1404,30.0,25.0,34,4,5,30
1405,22.0,19.0,25,3,3,22
1406,21.0,19.0,27,6,7,26
1407,20.0,26.0,24,4,1,27
1408,23.0,18.0,28,5,2,20
1409,19.0,15.0,28,9,9,24
1410,19.0,14.0,28,9,6,20
1411,25.0,15.0,29,4,4,19
1412,20.0,21.0,26,6,2,23
1413,17.0,18.0,22,5,8,26
1414,17.0,22.0,24,7,3,25
1415,19.0,20.0,28,9,4,24
1416,18.0,21.0,26,8,5,26
1417,19.0,18.0,21,2,4,22
1418,17.0,19.0,26,9,5,24
1419,21.0,19.0,31,10,4,23
1420,15.0,12.0,25,10,6,18
1421,23.0,21.0,27,4,3,24
1422,21.0,25.0,27,6,3,28
1423,21.0,12.0,29,8,8,20
1424,20.0,25.0,26,6,1,26
1425,22.0,26.0,26,4,2,28
1426,26.0,23.0,30,4,6,29
1427,18.0,22.0,25,7,7,29
1428,21.0,21.0,24,3,8,29
1429,19.0,20.0,24,5,4,24
1430,15.0,21.0,22,7,6,27
1431,19.0,15.0,28,9,5,20
1432,23.0,14.0,26,3,7,21
1433,18.0,24.0,24,6,3,27
1434,14.0,18.0,20,6,5,23
1435,17.0,16.0,23,6,7,23
1436,21.0,21.0,26,5,4,25
1437,19.0,24.0,27,8,3,27
1438,27.0,24.0,29,2,2,26
1439,21.0,27.0,24,3,2,29
1440,18.0,17.0,23,5,7,24
1441,17.0,23.0,22,5,2,25
1442,22.0,20.0,25,3,5,25
1443,24.0,24.0,26,2,4,28
1444,25.0,19.0,28,3,5,24
1445,21.0,28.0,23,2,5,33
1446,21.0,13.0,26,5,8,21
1447,23.0,20.0,32,9,6,26
1448,21.0,26.0,28,7,3,29
1449,18.0,15.0,23,5,7,22
1450,25.0,22.0,28,3,1,23
1451,27.0,17.0,32,5,6,23
1452,21.0,15.0,24,3,7,22
1453,17.0,15.0,26,9,9,24
1454,17.0,16.0,21,4,7,23
1455,20.0,23.0,25,5,2,25
1456,18.0,15.0,23,5,8,23
1457,21.0,18.0,29,8,7,25
1458,21.0,17.0,25,4,7,24
1459,30.0,24.0,33,3,4,28
1460,22.0,15.0,26,4,5,20
1461,19.0,15.0,28,9,6,21
1462,24.0,13.0,32,8,8,21
1463,22.0,22.0,26,4,3,25
1464,26.0,18.0,34,8,5,23
1465,18.0,18.0,25,7,6,24
1466,25.0,19.0,28,3,4,23
1467,21.0,19.0,27,6,4,23
1468,22.0,23.0,25,3,3,26
1469,24.0,17.0,29,5,7,24
1470,20.0,20.0,30,10,7,27
1471,29.0,19.0,30,1,4,23
1472,17.0,13.0,25,8,9,22
1473,20.0,20.0,25,5,6,26
1474,25.0,17.0,29,4,7,24
1475,25.0,26.0,28,3,7,33
1476,32.0,24.0,34,2,5,29
1477,23.0,18.0,28,5,4,22
1478,29.0,20.0,32,3,5,25
1479,18.0,14.0,22,4,3,17
1480,18.0,16.0,22,4,8,24
1481,16.0,21.0,18,2,3,24
1482,16.0,30.0,25,9,1,31
1483,14.0,17.0,18,4,4,21
1484,16.0,17.0,21,5,5,22
1485,21.0,21.0,25,4,6,27
1486,20.0,26.0,27,7,4,30
1487,22.0,22.0,25,3,3,25
1488,20.0,22.0,23,3,3,25
1489,23.0,20.0,30,7,6,26
1490,16.0,30.0,23,7,1,31
1491,23.0,15.0,29,6,6,21
1492,20.0,23.0,25,5,6,29
1493,14.0,16.0,23,9,4,20
1494,28.0,16.0,29,1,8,24
1495,24.0,20.0,30,6,7,27
1496,22.0,20.0,26,4,3,23
1497,12.0,21.0,18,6,5,26
1498,22.0,20.0,26,4,8,28
1499,26.0,14.0,28,2,6,20
1500,20.0,20.0,22,2,5,25
1501,16.0,20.0,25,9,4,24
1502,29.0,17.0,30,1,3,20
1503,21.0,26.0,28,7,3,29
1504,19.0,20.0,22,3,7,27
1505,28.0,18.0,29,1,8,26
1506,24.0,20.0,26,2,3,23
1507,15.0,21.0,22,7,6,27
1508,22.0,17.0,28,6,7,24
1509,20.0,19.0,25,5,7,26
1510,27.0,27.0,29,2,3,30
1511,23.0,23.0,25,2,7,30
1512,25.0,17.0,28,3,3,20
1513,21.0,12.0,26,5,10,22
1514,31.0,13.0,34,3,11,24
1515,24.0,16.0,29,5,3,19
1516,18.0,14.0,27,9,5,19
1517,17.0,28.0,20,3,3,31
1518,16.0,14.0,25,9,10,24
1519,21.0,15.0,25,4,6,21
1520,24.0,23.0,29,5,3,26
1521,30.0,13.0,32,2,7,20
1522,21.0,14.0,27,6,10,24
1523,23.0,21.0,28,5,5,26
1524,18.0,24.0,24,6,4,28
1525,18.0,24.0,19,1,7,31
1526,28.0,12.0,33,5,8,20
1527,26.0,11.0,31,5,8,19
1528,15.0,21.0,24,9,5,26
1529,21.0,18.0,24,3,8,26
1530,26.0,20.0,29,3,5,25
1531,24.0,23.0,25,1,4,27
1532,25.0,20.0,28,3,3,23
1533,22.0,18.0,27,5,3,21
1534,28.0,15.0,31,3,6,21
1535,22.0,22.0,22,0,5,27
1536,25.0,24.0,30,5,4,28
1537,16.0,19.0,23,7,6,25
1538,24.0,26.0,27,3,3,29
1539,17.0,20.0,23,6,4,24
1540,20.0,26.0,22,2,2,28
1541,22.0,25.0,28,6,3,28
1542,18.0,25.0,21,3,2,27
1543,17.0,18.0,23,6,2,20
1544,24.0,19.0,28,4,3,22
1545,18.0,31.0,23,5,2,33
1546,21.0,24.0,27,6,3,27
1547,24.0,28.0,26,2,3,31
1548,29.0,22.0,32,3,3,25
1549,18.0,13.0,25,7,6,19
1550,18.0,23.0,25,7,5,28
1551,22.0,15.0,30,8,7,22
1552,25.0,23.0,27,2,2,25
1553,16.0,13.0,24,8,3,16
1554,20.0,18.0,24,4,4,22
1555,22.0,17.0,30,8,6,23
1556,17.0,19.0,24,7,5,24
1557,21.0,19.0,24,3,5,24
1558,22.0,13.0,29,7,11,24
1559,22.0,15.0,25,3,11,26
1560,14.0,23.0,24,10,4,27
1561,18.0,21.0,24,6,3,24
1562,18.0,20.0,24,6,7,27
1563,16.0,21.0,23,7,5,26
1564,17.0,14.0,20,3,5,19
1565,14.0,13.0,25,11,6,19
1566,24.0,17.0,29,5,9,26
1567,18.0,20.0,21,3,5,25
1568,18.0,15.0,24,6,8,23
1569,19.0,19.0,28,9,8,27
1570,18.0,16.0,25,7,4,20
1571,24.0,20.0,28,4,6,26
1572,20.0,18.0,27,7,3,21
1573,18.0,21.0,26,8,6,27
1574,20.0,24.0,23,3,4,28
1575,25.0,24.0,29,4,5,29
1576,26.0,16.0,31,5,10,26
1577,15.0,16.0,19,4,8,24
1578,13.0,21.0,22,9,7,28
1579,15.0,20.0,22,7,6,26
1580,15.0,19.0,23,8,6,25
1581,25.0,19.0,30,5,6,25
1582,15.0,16.0,18,3,6,22
1583,19.0,19.0,22,3,4,23
1584,20.0,16.0,29,9,8,24
1585,24.0,21.0,28,4,5,26
1586,23.0,18.0,25,2,7,25
1587,22.0,24.0,24,2,2,26
1588,24.0,24.0,25,1,8,32
1589,16.0,12.0,22,6,6,18
1590,24.0,23.0,29,5,7,30
1591,19.0,24.0,26,7,4,28
1592,10.0,22.0,17,7,6,28
1593,20.0,17.0,27,7,3,20
1594,15.0,19.0,23,8,6,25
1595,17.0,19.0,22,5,3,22
1596,16.0,15.0,25,9,6,21
1597,24.0,19.0,25,1,6,25
1598,24.0,12.0,29,5,7,19
1599,19.0,24.0,26,7,3,27
1600,17.0,19.0,23,6,3,22
1601,15.0,17.0,19,4,8,25
1602,16.0,18.0,20,4,5,23
1603,21.0,17.0,22,1,9,26
1604,22.0,15.0,23,1,9,24
1605,23.0,25.0,29,6,3,28
1606,25.0,19.0,30,5,5,24
1607,14.0,25.0,20,6,4,29
1608,21.0,13.0,26,5,10,23
1609,15.0,17.0,22,7,6,23
1610,29.0,10.0,34,5,11,21
1611,16.0,18.0,28,12,6,24
1612,14.0,24.0,22,8,4,28
1613,19.0,20.0,21,2,6,26
1614,19.0,13.0,20,1,4,17
1615,19.0,27.0,23,4,5,32
1616,24.0,28.0,33,9,2,30
1617,15.0,16.0,26,11,9,25
1618,20.0,21.0,22,2,0,21
1619,32.0,14.0,38,6,9,23
1620,23.0,16.0,28,5,7,23
1621,19.0,20.0,30,11,5,25
1622,21.0,16.0,26,5,6,22
1623,18.0,16.0,23,5,6,22
1624,18.0,20.0,27,9,5,25
1625,20.0,23.0,26,6,4,27
1626,25.0,14.0,27,2,6,20
1627,13.0,14.0,19,6,5,19
1628,19.0,16.0,25,6,9,25
1629,18.0,22.0,23,5,4,26
1630,19.0,15.0,26,7,9,24
1631,21.0,20.0,25,4,5,25
1632,21.0,27.0,27,6,4,31
1633,26.0,24.0,28,2,5,29
1634,26.0,20.0,30,4,5,25
1635,22.0,24.0,25,3,4,28
1636,30.0,17.0,33,3,5,22
1637,19.0,24.0,23,4,4,28
1638,27.0,24.0,31,4,2,26
1639,28.0,14.0,30,2,10,24
1640,17.0,23.0,25,8,3,26
1641,16.0,15.0,21,5,9,24
1642,22.0,25.0,26,4,4,29
1643,21.0,19.0,27,6,6,25
1644,18.0,22.0,29,11,2,24
1645,23.0,14.0,31,8,14,28
1646,22.0,15.0,25,3,6,21
1647,22.0,18.0,29,7,8,26
1648,23.0,10.0,29,6,7,17
1649,17.0,28.0,21,4,1,29
1650,27.0,25.0,28,1,3,28
1651,21.0,17.0,26,5,9,26
1652,23.0,28.0,32,9,2,30
1653,29.0,17.0,33,4,8,25
1654,20.0,23.0,28,8,4,27
1655,23.0,20.0,26,3,5,25
1656,23.0,17.0,25,2,3,20
1657,18.0,24.0,24,6,3,27
1658,25.0,19.0,31,6,6,25
1659,21.0,12.0,26,5,6,18
1660,24.0,24.0,35,11,5,29
1661,23.0,25.0,27,4,3,28
1662,25.0,18.0,28,3,6,24
1663,23.0,26.0,24,1,2,28
1664,23.0,23.0,25,2,4,27
1665,17.0,18.0,21,4,6,24
1666,22.0,24.0,26,4,2,26
1667,22.0,23.0,24,2,3,26
1668,17.0,20.0,26,9,3,23
1669,18.0,20.0,22,4,4,24
1670,14.0,23.0,24,10,4,27
1671,21.0,21.0,26,5,5,26
1672,18.0,24.0,23,5,4,28
1673,24.0,30.0,28,4,1,31
1674,20.0,24.0,28,8,3,27
1675,24.0,30.0,27,3,4,34
1676,16.0,26.0,24,8,6,32
1677,22.0,24.0,28,6,3,27
1678,18.0,24.0,24,6,3,27
1679,20.0,19.0,25,5,6,25
1680,25.0,23.0,28,3,6,29
1681,30.0,12.0,34,4,5,17
1682,19.0,11.0,28,9,4,15
1683,28.0,21.0,30,2,4,25
1684,16.0,26.0,24,8,5,31
1685,20.0,24.0,31,11,5,29
1686,29.0,24.0,31,2,4,28
1687,21.0,20.0,26,5,6,26
1688,26.0,20.0,30,4,6,26
1689,17.0,18.0,19,2,5,23
1690,26.0,22.0,27,1,2,24
1691,27.0,23.0,32,5,6,29
1692,22.0,26.0,25,3,4,30
1693,22.0,19.0,25,3,4,23
1694,24.0,20.0,28,4,4,24
1695,20.0,16.0,26,6,7,23
1696,24.0,17.0,27,3,6,23
1697,16.0,21.0,22,6,2,23
1698,21.0,19.0,23,2,7,26
1699,26.0,24.0,27,1,3,27
1700,19.0,24.0,21,2,4,28
1701,28.0,22.0,31,3,2,24
1702,13.0,11.0,18,5,11,22
1703,24.0,23.0,26,2,5,28
1704,25.0,21.0,31,6,0,21
1705,19.0,16.0,26,7,12,28
1706,21.0,18.0,25,4,6,24
1707,23.0,26.0,27,4,3,29
1708,27.0,20.0,30,3,4,24
1709,19.0,19.0,23,4,5,24
1710,24.0,21.0,28,4,8,29
1711,23.0,15.0,30,7,6,21
1712,25.0,17.0,33,8,6,23
1713,22.0,12.0,28,6,8,20
1714,31.0,22.0,33,2,2,24
1715,22.0,12.0,26,4,10,22
1716,22.0,19.0,29,7,6,25
1717,25.0,18.0,31,6,5,23
1718,13.0,19.0,20,7,8,27
1719,23.0,18.0,28,5,5,23
1720,29.0,18.0,32,3,3,21
1721,27.0,24.0,30,3,4,28
1722,26.0,22.0,31,5,9,31
1723,14.0,19.0,19,5,5,24
1724,22.0,22.0,28,6,3,25
1725,9.0,4.0,9,0,2,6
1726,18.0,16.0,20,2,7,23
1727,24.0,19.0,25,1,7,26
1728,20.0,23.0,28,8,6,29
1729,30.0,23.0,32,2,4,27
1730,24.0,17.0,24,0,7,24
1731,25.0,18.0,28,3,5,23
1732,19.0,18.0,25,6,4,22
1733,22.0,23.0,25,3,2,25
1734,28.0,19.0,30,2,5,24
1735,16.0,7.0,21,5,10,17
1736,24.0,24.0,31,7,2,26
1737,23.0,21.0,30,7,5,26
1738,24.0,19.0,28,4,3,22
1739,19.0,23.0,26,7,4,27
1740,16.0,17.0,24,8,5,22
1741,15.0,20.0,22,7,8,28
1742,22.0,20.0,30,8,9,29
1743,17.0,19.0,23,6,5,24
1744,22.0,27.0,24,2,4,31
1745,28.0,17.0,32,4,4,21
1746,20.0,13.0,29,9,7,20
1747,29.0,20.0,32,3,4,24
1748,22.0,19.0,25,3,3,22
1749,22.0,20.0,25,3,3,23
1750,20.0,28.0,25,5,2,30
1751,18.0,29.0,27,9,2,31
1752,22.0,17.0,30,8,8,25
1753,23.0,18.0,26,3,6,24
1754,26.0,18.0,33,7,7,25
1755,25.0,25.0,29,4,3,28
1756,20.0,14.0,24,4,6,20
1757,19.0,19.0,25,6,7,26
1758,20.0,20.0,27,7,4,24
1759,27.0,20.0,33,6,3,23
1760,24.0,18.0,27,3,7,25
1761,21.0,14.0,28,7,4,18
1762,21.0,11.0,24,3,11,22
1763,26.0,28.0,29,3,2,30
1764,27.0,15.0,30,3,8,23
1765,16.0,23.0,22,6,4,27
1766,21.0,18.0,26,5,6,24
1767,18.0,18.0,23,5,8,26
1768,20.0,14.0,27,7,5,19
1769,19.0,24.0,23,4,1,25
1770,23.0,16.0,28,5,7,23
1771,28.0,23.0,33,5,3,26
1772,23.0,24.0,30,7,7,31
1773,22.0,19.0,27,5,6,25
1774,20.0,17.0,25,5,5,22
1775,19.0,16.0,23,4,6,22
1776,17.0,23.0,25,8,3,26
1777,29.0,26.0,30,1,4,30
1778,27.0,26.0,30,3,2,28
1779,28.0,19.0,32,4,4,23
1780,22.0,24.0,28,6,6,30
1781,26.0,24.0,30,4,5,29
1782,24.0,18.0,27,3,5,23
1783,23.0,21.0,30,7,2,23
1784,24.0,18.0,29,5,5,23
1785,23.0,20.0,27,4,3,23
1786,30.0,28.0,32,2,2,30
1787,25.0,18.0,28,3,4,22
1788,19.0,18.0,26,7,5,23
1789,27.0,22.0,30,3,1,23
1790,15.0,25.0,26,11,2,27
1791,19.0,15.0,27,8,5,20
1792,26.0,21.0,27,1,9,30
1793,16.0,17.0,21,5,8,25
1794,22.0,23.0,26,4,3,26
1795,22.0,24.0,29,7,2,26
1796,22.0,20.0,24,2,5,25
1797,23.0,22.0,27,4,4,26
1798,22.0,23.0,25,3,5,28
1799,18.0,20.0,25,7,5,25
